"subbasin","deluid","deluname","lutype","acrea_ac","slsur","lsur"
6925,1000,"Road_Freeway-All-All-All",1,0,0.01,100
6925,2000,"Road_Primary-All-All-All",1,31.36242,0.01,100
6925,3000,"Road_Minor-All-All-All",1,55.816249,0.01,100
6925,4000,"Dev_ResHigh-All-All-All",1,9.750782,0.01,100
6925,5000,"Dev_ResLow-All-All-All",1,200.354598,0.01,100
6925,6000,"Dev_Com-All-All-All",1,20.969906,0.01,100
6925,7000,"Dev_Ind-All-All-All",1,16.89456,0.01,100
6925,8000,"Dev_Inst-All-All-All",1,55.000575,0.01,100
6925,9000,"Dev_Roof-All-All-All",1,106.254007,0.01,100
6925,10000,"Dev_Overspray-All-All-All",1,5.181227,0.01,100
6925,11111,"Dev_Irrigated-A-Low-Confined",2,0,0.01,400
6925,11112,"Dev_Irrigated-A-Low-Unconfined",2,1.720444,0.01,400
6925,11121,"Dev_Irrigated-A-Med-Confined",2,0,0.01,300
6925,11122,"Dev_Irrigated-A-Med-Unconfined",2,0,0.01,300
6925,11211,"Dev_Irrigated-B-Low-Confined",2,0,0.01,400
6925,11212,"Dev_Irrigated-B-Low-Unconfined",2,101.904093,0.01,400
6925,11221,"Dev_Irrigated-B-Med-Confined",2,0,0.01,300
6925,11222,"Dev_Irrigated-B-Med-Unconfined",2,0,0.01,300
6925,11311,"Dev_Irrigated-C-Low-Confined",2,0,0.01,400
6925,11312,"Dev_Irrigated-C-Low-Unconfined",2,0,0.01,400
6925,11321,"Dev_Irrigated-C-Med-Confined",2,0,0.01,300
6925,11322,"Dev_Irrigated-C-Med-Unconfined",2,0,0.01,300
6925,11411,"Dev_Irrigated-D-Low-Confined",2,0,0.01,400
6925,11412,"Dev_Irrigated-D-Low-Unconfined",2,0,0.01,400
6925,11421,"Dev_Irrigated-D-Med-Confined",2,0,0.01,300
6925,11422,"Dev_Irrigated-D-Med-Unconfined",2,0,0.01,300
6925,12111,"Dev_Pervious-A-Low-Confined",2,0,0.01,400
6925,12112,"Dev_Pervious-A-Low-Unconfined",2,4.434351,0.01,400
6925,12121,"Dev_Pervious-A-Med-Confined",2,0,0.01,300
6925,12122,"Dev_Pervious-A-Med-Unconfined",2,0,0.01,300
6925,12211,"Dev_Pervious-B-Low-Confined",2,0,0.01,400
6925,12212,"Dev_Pervious-B-Low-Unconfined",2,262.652204,0.01,400
6925,12221,"Dev_Pervious-B-Med-Confined",2,0,0.01,300
6925,12222,"Dev_Pervious-B-Med-Unconfined",2,0,0.01,300
6925,12311,"Dev_Pervious-C-Low-Confined",2,0,0.01,400
6925,12312,"Dev_Pervious-C-Low-Unconfined",2,0,0.01,400
6925,12321,"Dev_Pervious-C-Med-Confined",2,0,0.01,300
6925,12322,"Dev_Pervious-C-Med-Unconfined",2,0,0.01,300
6925,12411,"Dev_Pervious-D-Low-Confined",2,0,0.01,400
6925,12412,"Dev_Pervious-D-Low-Unconfined",2,0,0.01,400
6925,12421,"Dev_Pervious-D-Med-Confined",2,0,0.01,300
6925,12422,"Dev_Pervious-D-Med-Unconfined",2,0,0.01,300
6925,13111,"Agriculture-A-Low-Confined",2,0,0.01,400
6925,13112,"Agriculture-A-Low-Unconfined",2,0,0.01,400
6925,13121,"Agriculture-A-Med-Confined",2,0,0.01,300
6925,13122,"Agriculture-A-Med-Unconfined",2,0,0.01,300
6925,13211,"Agriculture-B-Low-Confined",2,0,0.01,400
6925,13212,"Agriculture-B-Low-Unconfined",2,0,0.01,400
6925,13221,"Agriculture-B-Med-Confined",2,0,0.01,300
6925,13222,"Agriculture-B-Med-Unconfined",2,0,0.01,300
6925,13231,"Agriculture-B-High-Confined",2,0,0.01,400
6925,13232,"Agriculture-B-High-Unconfined",2,0,0.01,400
6925,13311,"Agriculture-C-Low-Confined",2,0,0.01,400
6925,13312,"Agriculture-C-Low-Unconfined",2,0,0.01,400
6925,13321,"Agriculture-C-Med-Confined",2,0,0.01,300
6925,13322,"Agriculture-C-Med-Unconfined",2,0,0.01,300
6925,13331,"Agriculture-C-High-Confined",2,0,0.01,400
6925,13411,"Agriculture-D-Low-Confined",2,0,0.01,400
6925,13412,"Agriculture-D-Low-Unconfined",2,0,0.01,400
6925,13421,"Agriculture-D-Med-Confined",2,0,0.01,300
6925,13422,"Agriculture-D-Med-Unconfined",2,0,0.01,300
6925,13431,"Agriculture-D-High-Confined",2,0,0.01,400
6925,13432,"Agriculture-D-High-Unconfined",2,0,0.01,400
6925,14121,"Veg_Low-A-Med-Confined",2,0,0.01,300
6925,14122,"Veg_Low-A-Med-Unconfined",2,1.456269,0.01,300
6925,14131,"Veg_Low-A-High-Confined",2,0,0.01,400
6925,14132,"Veg_Low-A-High-Unconfined",2,0,0.01,400
6925,14221,"Veg_Low-B-Med-Confined",2,0,0.01,300
6925,14222,"Veg_Low-B-Med-Unconfined",2,91.255365,0.01,300
6925,14231,"Veg_Low-B-High-Confined",2,0,0.01,400
6925,14232,"Veg_Low-B-High-Unconfined",2,0,0.01,400
6925,14321,"Veg_Low-C-Med-Confined",2,0,0.01,300
6925,14322,"Veg_Low-C-Med-Unconfined",2,0,0.01,300
6925,14331,"Veg_Low-C-High-Confined",2,0,0.01,400
6925,14332,"Veg_Low-C-High-Unconfined",2,0,0.01,400
6925,14421,"Veg_Low-D-Med-Confined",2,0,0.01,300
6925,14422,"Veg_Low-D-Med-Unconfined",2,0,0.01,300
6925,14431,"Veg_Low-D-High-Confined",2,0,0.01,400
6925,14432,"Veg_Low-D-High-Unconfined",2,0,0.01,400
6925,15121,"Veg_High-A-Med-Confined",2,0,0.01,300
6925,15122,"Veg_High-A-Med-Unconfined",2,1.33797,0.01,300
6925,15131,"Veg_High-A-High-Confined",2,0,0.01,400
6925,15132,"Veg_High-A-High-Unconfined",2,0,0.01,400
6925,15221,"Veg_High-B-Med-Confined",2,0,0.01,300
6925,15222,"Veg_High-B-Med-Unconfined",2,123.759962,0.01,300
6925,15231,"Veg_High-B-High-Confined",2,0,0.01,400
6925,15232,"Veg_High-B-High-Unconfined",2,0,0.01,400
6925,15321,"Veg_High-C-Med-Confined",2,0,0.01,300
6925,15322,"Veg_High-C-Med-Unconfined",2,0,0.01,300
6925,15331,"Veg_High-C-High-Confined",2,0,0.01,400
6925,15332,"Veg_High-C-High-Unconfined",2,0,0.01,400
6925,15421,"Veg_High-D-Med-Confined",2,0,0.01,300
6925,15422,"Veg_High-D-Med-Unconfined",2,0,0.01,300
6925,15431,"Veg_High-D-High-Confined",2,0,0.01,400
6925,15432,"Veg_High-D-High-Unconfined",2,0,0.01,400
6925,16000,"Water-All-All-All",1,0,0.01,100
6926,1000,"Road_Freeway-All-All-All",1,0,0.01,100
6926,2000,"Road_Primary-All-All-All",1,4.073889,0.01,100
6926,3000,"Road_Minor-All-All-All",1,12.371499,0.01,100
6926,4000,"Dev_ResHigh-All-All-All",1,3.782498,0.01,100
6926,5000,"Dev_ResLow-All-All-All",1,47.456729,0.01,100
6926,6000,"Dev_Com-All-All-All",1,7.147022,0.01,100
6926,7000,"Dev_Ind-All-All-All",1,0.317002,0.01,100
6926,8000,"Dev_Inst-All-All-All",1,3.687262,0.01,100
6926,9000,"Dev_Roof-All-All-All",1,28.345132,0.01,100
6926,10000,"Dev_Overspray-All-All-All",1,1.241868,0.01,100
6926,11111,"Dev_Irrigated-A-Low-Confined",2,0,0.01,400
6926,11112,"Dev_Irrigated-A-Low-Unconfined",2,11.415706,0.01,400
6926,11121,"Dev_Irrigated-A-Med-Confined",2,0,0.01,300
6926,11122,"Dev_Irrigated-A-Med-Unconfined",2,0,0.01,300
6926,11211,"Dev_Irrigated-B-Low-Confined",2,0,0.01,400
6926,11212,"Dev_Irrigated-B-Low-Unconfined",2,13.42165,0.01,400
6926,11221,"Dev_Irrigated-B-Med-Confined",2,0,0.01,300
6926,11222,"Dev_Irrigated-B-Med-Unconfined",2,0,0.01,300
6926,11311,"Dev_Irrigated-C-Low-Confined",2,0,0.01,400
6926,11312,"Dev_Irrigated-C-Low-Unconfined",2,0,0.01,400
6926,11321,"Dev_Irrigated-C-Med-Confined",2,0,0.01,300
6926,11322,"Dev_Irrigated-C-Med-Unconfined",2,0,0.01,300
6926,11411,"Dev_Irrigated-D-Low-Confined",2,0,0.01,400
6926,11412,"Dev_Irrigated-D-Low-Unconfined",2,0,0.01,400
6926,11421,"Dev_Irrigated-D-Med-Confined",2,0,0.01,300
6926,11422,"Dev_Irrigated-D-Med-Unconfined",2,0,0.01,300
6926,12111,"Dev_Pervious-A-Low-Confined",2,0,0.01,400
6926,12112,"Dev_Pervious-A-Low-Unconfined",2,29.423354,0.01,400
6926,12121,"Dev_Pervious-A-Med-Confined",2,0,0.01,300
6926,12122,"Dev_Pervious-A-Med-Unconfined",2,0,0.01,300
6926,12211,"Dev_Pervious-B-Low-Confined",2,0,0.01,400
6926,12212,"Dev_Pervious-B-Low-Unconfined",2,34.593566,0.01,400
6926,12221,"Dev_Pervious-B-Med-Confined",2,0,0.01,300
6926,12222,"Dev_Pervious-B-Med-Unconfined",2,0,0.01,300
6926,12311,"Dev_Pervious-C-Low-Confined",2,0,0.01,400
6926,12312,"Dev_Pervious-C-Low-Unconfined",2,0,0.01,400
6926,12321,"Dev_Pervious-C-Med-Confined",2,0,0.01,300
6926,12322,"Dev_Pervious-C-Med-Unconfined",2,0,0.01,300
6926,12411,"Dev_Pervious-D-Low-Confined",2,0,0.01,400
6926,12412,"Dev_Pervious-D-Low-Unconfined",2,0,0.01,400
6926,12421,"Dev_Pervious-D-Med-Confined",2,0,0.01,300
6926,12422,"Dev_Pervious-D-Med-Unconfined",2,0,0.01,300
6926,13111,"Agriculture-A-Low-Confined",2,0,0.01,400
6926,13112,"Agriculture-A-Low-Unconfined",2,0,0.01,400
6926,13121,"Agriculture-A-Med-Confined",2,0,0.01,300
6926,13122,"Agriculture-A-Med-Unconfined",2,0,0.01,300
6926,13211,"Agriculture-B-Low-Confined",2,0,0.01,400
6926,13212,"Agriculture-B-Low-Unconfined",2,0,0.01,400
6926,13221,"Agriculture-B-Med-Confined",2,0,0.01,300
6926,13222,"Agriculture-B-Med-Unconfined",2,0,0.01,300
6926,13231,"Agriculture-B-High-Confined",2,0,0.01,400
6926,13232,"Agriculture-B-High-Unconfined",2,0,0.01,400
6926,13311,"Agriculture-C-Low-Confined",2,0,0.01,400
6926,13312,"Agriculture-C-Low-Unconfined",2,0,0.01,400
6926,13321,"Agriculture-C-Med-Confined",2,0,0.01,300
6926,13322,"Agriculture-C-Med-Unconfined",2,0,0.01,300
6926,13331,"Agriculture-C-High-Confined",2,0,0.01,400
6926,13411,"Agriculture-D-Low-Confined",2,0,0.01,400
6926,13412,"Agriculture-D-Low-Unconfined",2,0,0.01,400
6926,13421,"Agriculture-D-Med-Confined",2,0,0.01,300
6926,13422,"Agriculture-D-Med-Unconfined",2,0,0.01,300
6926,13431,"Agriculture-D-High-Confined",2,0,0.01,400
6926,13432,"Agriculture-D-High-Unconfined",2,0,0.01,400
6926,14121,"Veg_Low-A-Med-Confined",2,0,0.01,300
6926,14122,"Veg_Low-A-Med-Unconfined",2,10.217178,0.01,300
6926,14131,"Veg_Low-A-High-Confined",2,0,0.01,400
6926,14132,"Veg_Low-A-High-Unconfined",2,0,0.01,400
6926,14221,"Veg_Low-B-Med-Confined",2,0,0.01,300
6926,14222,"Veg_Low-B-Med-Unconfined",2,18.796894,0.01,300
6926,14231,"Veg_Low-B-High-Confined",2,0,0.01,400
6926,14232,"Veg_Low-B-High-Unconfined",2,0,0.01,400
6926,14321,"Veg_Low-C-Med-Confined",2,0,0.01,300
6926,14322,"Veg_Low-C-Med-Unconfined",2,0,0.01,300
6926,14331,"Veg_Low-C-High-Confined",2,0,0.01,400
6926,14332,"Veg_Low-C-High-Unconfined",2,0,0.01,400
6926,14421,"Veg_Low-D-Med-Confined",2,0,0.01,300
6926,14422,"Veg_Low-D-Med-Unconfined",2,0,0.01,300
6926,14431,"Veg_Low-D-High-Confined",2,0,0.01,400
6926,14432,"Veg_Low-D-High-Unconfined",2,0,0.01,400
6926,15121,"Veg_High-A-Med-Confined",2,0,0.01,300
6926,15122,"Veg_High-A-Med-Unconfined",2,10.118897,0.01,300
6926,15131,"Veg_High-A-High-Confined",2,0,0.01,400
6926,15132,"Veg_High-A-High-Unconfined",2,0,0.01,400
6926,15221,"Veg_High-B-Med-Confined",2,0,0.01,300
6926,15222,"Veg_High-B-Med-Unconfined",2,17.273154,0.01,300
6926,15231,"Veg_High-B-High-Confined",2,0,0.01,400
6926,15232,"Veg_High-B-High-Unconfined",2,0,0.01,400
6926,15321,"Veg_High-C-Med-Confined",2,0,0.01,300
6926,15322,"Veg_High-C-Med-Unconfined",2,0,0.01,300
6926,15331,"Veg_High-C-High-Confined",2,0,0.01,400
6926,15332,"Veg_High-C-High-Unconfined",2,0,0.01,400
6926,15421,"Veg_High-D-Med-Confined",2,0,0.01,300
6926,15422,"Veg_High-D-Med-Unconfined",2,0,0.01,300
6926,15431,"Veg_High-D-High-Confined",2,0,0.01,400
6926,15432,"Veg_High-D-High-Unconfined",2,0,0.01,400
6926,16000,"Water-All-All-All",1,0,0.01,100
6927,1000,"Road_Freeway-All-All-All",1,0,0.01,100
6927,2000,"Road_Primary-All-All-All",1,22.06281,0.01,100
6927,3000,"Road_Minor-All-All-All",1,27.905007,0.01,100
6927,4000,"Dev_ResHigh-All-All-All",1,6.415072,0.01,100
6927,5000,"Dev_ResLow-All-All-All",1,95.9972,0.01,100
6927,6000,"Dev_Com-All-All-All",1,61.978944,0.01,100
6927,7000,"Dev_Ind-All-All-All",1,6.034803,0.01,100
6927,8000,"Dev_Inst-All-All-All",1,3.371436,0.01,100
6927,9000,"Dev_Roof-All-All-All",1,83.62628,0.01,100
6927,10000,"Dev_Overspray-All-All-All",1,2.7291,0.01,100
6927,11111,"Dev_Irrigated-A-Low-Confined",2,0,0.01,400
6927,11112,"Dev_Irrigated-A-Low-Unconfined",2,0.243464,0.02,400
6927,11121,"Dev_Irrigated-A-Med-Confined",2,0,0.01,300
6927,11122,"Dev_Irrigated-A-Med-Unconfined",2,0,0.01,300
6927,11211,"Dev_Irrigated-B-Low-Confined",2,0,0.01,400
6927,11212,"Dev_Irrigated-B-Low-Unconfined",2,54.338535,0.01,400
6927,11221,"Dev_Irrigated-B-Med-Confined",2,0,0.01,300
6927,11222,"Dev_Irrigated-B-Med-Unconfined",2,0,0.01,300
6927,11311,"Dev_Irrigated-C-Low-Confined",2,0,0.01,400
6927,11312,"Dev_Irrigated-C-Low-Unconfined",2,0,0.01,400
6927,11321,"Dev_Irrigated-C-Med-Confined",2,0,0.01,300
6927,11322,"Dev_Irrigated-C-Med-Unconfined",2,0,0.01,300
6927,11411,"Dev_Irrigated-D-Low-Confined",2,0,0.01,400
6927,11412,"Dev_Irrigated-D-Low-Unconfined",2,0,0.01,400
6927,11421,"Dev_Irrigated-D-Med-Confined",2,0,0.01,300
6927,11422,"Dev_Irrigated-D-Med-Unconfined",2,0,0.01,300
6927,12111,"Dev_Pervious-A-Low-Confined",2,0,0.01,400
6927,12112,"Dev_Pervious-A-Low-Unconfined",2,0.627514,0.02,400
6927,12121,"Dev_Pervious-A-Med-Confined",2,0,0.01,300
6927,12122,"Dev_Pervious-A-Med-Unconfined",2,0,0.01,300
6927,12211,"Dev_Pervious-B-Low-Confined",2,0,0.01,400
6927,12212,"Dev_Pervious-B-Low-Unconfined",2,140.054591,0.01,400
6927,12221,"Dev_Pervious-B-Med-Confined",2,0,0.01,300
6927,12222,"Dev_Pervious-B-Med-Unconfined",2,0,0.01,300
6927,12311,"Dev_Pervious-C-Low-Confined",2,0,0.01,400
6927,12312,"Dev_Pervious-C-Low-Unconfined",2,0,0.01,400
6927,12321,"Dev_Pervious-C-Med-Confined",2,0,0.01,300
6927,12322,"Dev_Pervious-C-Med-Unconfined",2,0,0.01,300
6927,12411,"Dev_Pervious-D-Low-Confined",2,0,0.01,400
6927,12412,"Dev_Pervious-D-Low-Unconfined",2,0,0.01,400
6927,12421,"Dev_Pervious-D-Med-Confined",2,0,0.01,300
6927,12422,"Dev_Pervious-D-Med-Unconfined",2,0,0.01,300
6927,13111,"Agriculture-A-Low-Confined",2,0,0.01,400
6927,13112,"Agriculture-A-Low-Unconfined",2,0,0.01,400
6927,13121,"Agriculture-A-Med-Confined",2,0,0.01,300
6927,13122,"Agriculture-A-Med-Unconfined",2,0,0.01,300
6927,13211,"Agriculture-B-Low-Confined",2,0,0.01,400
6927,13212,"Agriculture-B-Low-Unconfined",2,0,0.01,400
6927,13221,"Agriculture-B-Med-Confined",2,0,0.01,300
6927,13222,"Agriculture-B-Med-Unconfined",2,0,0.01,300
6927,13231,"Agriculture-B-High-Confined",2,0,0.01,400
6927,13232,"Agriculture-B-High-Unconfined",2,0,0.01,400
6927,13311,"Agriculture-C-Low-Confined",2,0,0.01,400
6927,13312,"Agriculture-C-Low-Unconfined",2,0,0.01,400
6927,13321,"Agriculture-C-Med-Confined",2,0,0.01,300
6927,13322,"Agriculture-C-Med-Unconfined",2,0,0.01,300
6927,13331,"Agriculture-C-High-Confined",2,0,0.01,400
6927,13411,"Agriculture-D-Low-Confined",2,0,0.01,400
6927,13412,"Agriculture-D-Low-Unconfined",2,0,0.01,400
6927,13421,"Agriculture-D-Med-Confined",2,0,0.01,300
6927,13422,"Agriculture-D-Med-Unconfined",2,0,0.01,300
6927,13431,"Agriculture-D-High-Confined",2,0,0.01,400
6927,13432,"Agriculture-D-High-Unconfined",2,0,0.01,400
6927,14121,"Veg_Low-A-Med-Confined",2,0,0.01,300
6927,14122,"Veg_Low-A-Med-Unconfined",2,0.156663,0.01,300
6927,14131,"Veg_Low-A-High-Confined",2,0,0.01,400
6927,14132,"Veg_Low-A-High-Unconfined",2,0,0.01,400
6927,14221,"Veg_Low-B-Med-Confined",2,0,0.01,300
6927,14222,"Veg_Low-B-Med-Unconfined",2,41.438981,0.01,300
6927,14231,"Veg_Low-B-High-Confined",2,0,0.01,400
6927,14232,"Veg_Low-B-High-Unconfined",2,0,0.01,400
6927,14321,"Veg_Low-C-Med-Confined",2,0,0.01,300
6927,14322,"Veg_Low-C-Med-Unconfined",2,0,0.01,300
6927,14331,"Veg_Low-C-High-Confined",2,0,0.01,400
6927,14332,"Veg_Low-C-High-Unconfined",2,0,0.01,400
6927,14421,"Veg_Low-D-Med-Confined",2,0,0.01,300
6927,14422,"Veg_Low-D-Med-Unconfined",2,0,0.01,300
6927,14431,"Veg_Low-D-High-Confined",2,0,0.01,400
6927,14432,"Veg_Low-D-High-Unconfined",2,0,0.01,400
6927,15121,"Veg_High-A-Med-Confined",2,0,0.01,300
6927,15122,"Veg_High-A-Med-Unconfined",2,0.474222,0.01,300
6927,15131,"Veg_High-A-High-Confined",2,0,0.01,400
6927,15132,"Veg_High-A-High-Unconfined",2,0,0.01,400
6927,15221,"Veg_High-B-Med-Confined",2,0,0.01,300
6927,15222,"Veg_High-B-Med-Unconfined",2,66.900273,0.01,300
6927,15231,"Veg_High-B-High-Confined",2,0,0.01,400
6927,15232,"Veg_High-B-High-Unconfined",2,0,0.01,400
6927,15321,"Veg_High-C-Med-Confined",2,0,0.01,300
6927,15322,"Veg_High-C-Med-Unconfined",2,0,0.01,300
6927,15331,"Veg_High-C-High-Confined",2,0,0.01,400
6927,15332,"Veg_High-C-High-Unconfined",2,0,0.01,400
6927,15421,"Veg_High-D-Med-Confined",2,0,0.01,300
6927,15422,"Veg_High-D-Med-Unconfined",2,0,0.01,300
6927,15431,"Veg_High-D-High-Confined",2,0,0.01,400
6927,15432,"Veg_High-D-High-Unconfined",2,0,0.01,400
6927,16000,"Water-All-All-All",1,0,0.01,100
6928,1000,"Road_Freeway-All-All-All",1,17.150924,0.08,100
6928,2000,"Road_Primary-All-All-All",1,69.991642,0.09,100
6928,3000,"Road_Minor-All-All-All",1,157.952248,0.11,100
6928,4000,"Dev_ResHigh-All-All-All",1,19.81062,0.09,100
6928,5000,"Dev_ResLow-All-All-All",1,521.248113,0.09,100
6928,6000,"Dev_Com-All-All-All",1,56.580257,0.01,100
6928,7000,"Dev_Ind-All-All-All",1,127.877908,0.01,100
6928,8000,"Dev_Inst-All-All-All",1,47.788852,0.04,100
6928,9000,"Dev_Roof-All-All-All",1,309.500955,0.08,100
6928,10000,"Dev_Overspray-All-All-All",1,15.937386,0.09,100
6928,11111,"Dev_Irrigated-A-Low-Confined",2,0,0.08,400
6928,11112,"Dev_Irrigated-A-Low-Unconfined",2,108.849963,0.01,400
6928,11121,"Dev_Irrigated-A-Med-Confined",2,0.287996,0.05,300
6928,11122,"Dev_Irrigated-A-Med-Unconfined",2,0,0.01,300
6928,11211,"Dev_Irrigated-B-Low-Confined",2,35.023742,0.09,400
6928,11212,"Dev_Irrigated-B-Low-Unconfined",2,71.559494,0.02,400
6928,11221,"Dev_Irrigated-B-Med-Confined",2,0.749496,0.06,300
6928,11222,"Dev_Irrigated-B-Med-Unconfined",2,0,0.01,300
6928,11311,"Dev_Irrigated-C-Low-Confined",2,0.344598,0.1,400
6928,11312,"Dev_Irrigated-C-Low-Unconfined",2,52.166394,0.01,400
6928,11321,"Dev_Irrigated-C-Med-Confined",2,43.789594,0.24,300
6928,11322,"Dev_Irrigated-C-Med-Unconfined",2,0,0.01,300
6928,11411,"Dev_Irrigated-D-Low-Confined",2,0.111433,0.11,400
6928,11412,"Dev_Irrigated-D-Low-Unconfined",2,0,0.01,400
6928,11421,"Dev_Irrigated-D-Med-Confined",2,5.864999,0.24,300
6928,11422,"Dev_Irrigated-D-Med-Unconfined",2,0,0.01,300
6928,12111,"Dev_Pervious-A-Low-Confined",2,0,0.01,400
6928,12112,"Dev_Pervious-A-Low-Unconfined",2,280.554802,0.01,400
6928,12121,"Dev_Pervious-A-Med-Confined",2,0.742294,0.06,300
6928,12122,"Dev_Pervious-A-Med-Unconfined",2,0,0.01,300
6928,12211,"Dev_Pervious-B-Low-Confined",2,90.271772,0.09,400
6928,12212,"Dev_Pervious-B-Low-Unconfined",2,184.440666,0.02,400
6928,12221,"Dev_Pervious-B-Med-Confined",2,1.931786,0.05,300
6928,12222,"Dev_Pervious-B-Med-Unconfined",2,0,0.01,300
6928,12311,"Dev_Pervious-C-Low-Confined",2,0.888183,0.11,400
6928,12312,"Dev_Pervious-C-Low-Unconfined",2,134.456016,0.02,400
6928,12321,"Dev_Pervious-C-Med-Confined",2,112.865275,0.22,300
6928,12322,"Dev_Pervious-C-Med-Unconfined",2,0,0.01,300
6928,12411,"Dev_Pervious-D-Low-Confined",2,0.287211,0.08,400
6928,12412,"Dev_Pervious-D-Low-Unconfined",2,0,0.01,400
6928,12421,"Dev_Pervious-D-Med-Confined",2,15.116714,0.22,300
6928,12422,"Dev_Pervious-D-Med-Unconfined",2,0,0.01,300
6928,13111,"Agriculture-A-Low-Confined",2,0,0.01,400
6928,13112,"Agriculture-A-Low-Unconfined",2,0,0.01,400
6928,13121,"Agriculture-A-Med-Confined",2,0,0.01,300
6928,13122,"Agriculture-A-Med-Unconfined",2,0,0.01,300
6928,13211,"Agriculture-B-Low-Confined",2,3.6388,0.06,400
6928,13212,"Agriculture-B-Low-Unconfined",2,0,0.01,400
6928,13221,"Agriculture-B-Med-Confined",2,0,0.01,300
6928,13222,"Agriculture-B-Med-Unconfined",2,0,0.01,300
6928,13231,"Agriculture-B-High-Confined",2,0,0.01,400
6928,13232,"Agriculture-B-High-Unconfined",2,0,0.01,400
6928,13311,"Agriculture-C-Low-Confined",2,0.509682,0.03,400
6928,13312,"Agriculture-C-Low-Unconfined",2,0,0.01,400
6928,13321,"Agriculture-C-Med-Confined",2,0,0.01,300
6928,13322,"Agriculture-C-Med-Unconfined",2,0,0.01,300
6928,13331,"Agriculture-C-High-Confined",2,0,0.01,400
6928,13411,"Agriculture-D-Low-Confined",2,0,0.01,400
6928,13412,"Agriculture-D-Low-Unconfined",2,0,0.01,400
6928,13421,"Agriculture-D-Med-Confined",2,0,0.01,300
6928,13422,"Agriculture-D-Med-Unconfined",2,0,0.01,300
6928,13431,"Agriculture-D-High-Confined",2,0,0.01,400
6928,13432,"Agriculture-D-High-Unconfined",2,0,0.01,400
6928,14121,"Veg_Low-A-Med-Confined",2,0.129562,0.05,300
6928,14122,"Veg_Low-A-Med-Unconfined",2,75.908668,0.01,300
6928,14131,"Veg_Low-A-High-Confined",2,0,0.01,400
6928,14132,"Veg_Low-A-High-Unconfined",2,0,0.01,400
6928,14221,"Veg_Low-B-Med-Confined",2,61.048356,0.12,300
6928,14222,"Veg_Low-B-Med-Unconfined",2,56.9404,0.02,300
6928,14231,"Veg_Low-B-High-Confined",2,0,0.01,400
6928,14232,"Veg_Low-B-High-Unconfined",2,0,0.01,400
6928,14321,"Veg_Low-C-Med-Confined",2,112.728232,0.16,300
6928,14322,"Veg_Low-C-Med-Unconfined",2,40.055982,0.01,300
6928,14331,"Veg_Low-C-High-Confined",2,0.796279,0.32,400
6928,14332,"Veg_Low-C-High-Unconfined",2,0,0.01,400
6928,14421,"Veg_Low-D-Med-Confined",2,5.47736,0.23,300
6928,14422,"Veg_Low-D-Med-Unconfined",2,0,0.01,300
6928,14431,"Veg_Low-D-High-Confined",2,39.936391,0.26,400
6928,14432,"Veg_Low-D-High-Unconfined",2,0,0.01,400
6928,15121,"Veg_High-A-Med-Confined",2,0.008314,0.04,300
6928,15122,"Veg_High-A-Med-Unconfined",2,77.023409,0.01,300
6928,15131,"Veg_High-A-High-Confined",2,0,0.01,400
6928,15132,"Veg_High-A-High-Unconfined",2,0,0.01,400
6928,15221,"Veg_High-B-Med-Confined",2,67.831002,0.12,300
6928,15222,"Veg_High-B-Med-Unconfined",2,93.661461,0.01,300
6928,15231,"Veg_High-B-High-Confined",2,0,0.01,400
6928,15232,"Veg_High-B-High-Unconfined",2,0,0.01,400
6928,15321,"Veg_High-C-Med-Confined",2,64.489816,0.16,300
6928,15322,"Veg_High-C-Med-Unconfined",2,66.427777,0.01,300
6928,15331,"Veg_High-C-High-Confined",2,0,0.01,400
6928,15332,"Veg_High-C-High-Unconfined",2,0,0.01,400
6928,15421,"Veg_High-D-Med-Confined",2,3.067563,0.16,300
6928,15422,"Veg_High-D-Med-Unconfined",2,0,0.01,300
6928,15431,"Veg_High-D-High-Confined",2,4.941937,0.26,400
6928,15432,"Veg_High-D-High-Unconfined",2,0,0.01,400
6928,16000,"Water-All-All-All",1,3.670983,0.03,100
6929,1000,"Road_Freeway-All-All-All",1,7.673036,0.03,100
6929,2000,"Road_Primary-All-All-All",1,5.381835,0.03,100
6929,3000,"Road_Minor-All-All-All",1,15.091699,0.1,100
6929,4000,"Dev_ResHigh-All-All-All",1,1.483384,0.09,100
6929,5000,"Dev_ResLow-All-All-All",1,62.990965,0.13,100
6929,6000,"Dev_Com-All-All-All",1,20.762662,0.04,100
6929,7000,"Dev_Ind-All-All-All",1,0,0.01,100
6929,8000,"Dev_Inst-All-All-All",1,4.526339,0.05,100
6929,9000,"Dev_Roof-All-All-All",1,18.65338,0.11,100
6929,10000,"Dev_Overspray-All-All-All",1,2.259817,0.12,100
6929,11111,"Dev_Irrigated-A-Low-Confined",2,0,0.01,400
6929,11112,"Dev_Irrigated-A-Low-Unconfined",2,0,0.01,400
6929,11121,"Dev_Irrigated-A-Med-Confined",2,0,0.01,300
6929,11122,"Dev_Irrigated-A-Med-Unconfined",2,0,0.01,300
6929,11211,"Dev_Irrigated-B-Low-Confined",2,0.54492,0.06,400
6929,11212,"Dev_Irrigated-B-Low-Unconfined",2,2.013667,0.05,400
6929,11221,"Dev_Irrigated-B-Med-Confined",2,3.375311,0.06,300
6929,11222,"Dev_Irrigated-B-Med-Unconfined",2,0.001105,0.04,300
6929,11311,"Dev_Irrigated-C-Low-Confined",2,0.58183,0.13,400
6929,11312,"Dev_Irrigated-C-Low-Unconfined",2,0.314634,0.06,400
6929,11321,"Dev_Irrigated-C-Med-Confined",2,35.601967,0.26,300
6929,11322,"Dev_Irrigated-C-Med-Unconfined",2,0,0.01,300
6929,11411,"Dev_Irrigated-D-Low-Confined",2,0,0.01,400
6929,11412,"Dev_Irrigated-D-Low-Unconfined",2,0,0.01,400
6929,11421,"Dev_Irrigated-D-Med-Confined",2,2.762897,0.32,300
6929,11422,"Dev_Irrigated-D-Med-Unconfined",2,0,0.01,300
6929,12111,"Dev_Pervious-A-Low-Confined",2,0,0.01,400
6929,12112,"Dev_Pervious-A-Low-Unconfined",2,0,0.01,400
6929,12121,"Dev_Pervious-A-Med-Confined",2,0,0.01,300
6929,12122,"Dev_Pervious-A-Med-Unconfined",2,0,0.01,300
6929,12211,"Dev_Pervious-B-Low-Confined",2,1.404502,0.07,400
6929,12212,"Dev_Pervious-B-Low-Unconfined",2,5.190117,0.05,400
6929,12221,"Dev_Pervious-B-Med-Confined",2,8.699678,0.05,300
6929,12222,"Dev_Pervious-B-Med-Unconfined",2,0.002849,0.04,300
6929,12311,"Dev_Pervious-C-Low-Confined",2,1.499635,0.13,400
6929,12312,"Dev_Pervious-C-Low-Unconfined",2,0.810951,0.05,400
6929,12321,"Dev_Pervious-C-Med-Confined",2,91.762116,0.26,300
6929,12322,"Dev_Pervious-C-Med-Unconfined",2,0,0.01,300
6929,12411,"Dev_Pervious-D-Low-Confined",2,0,0.01,400
6929,12412,"Dev_Pervious-D-Low-Unconfined",2,0,0.01,400
6929,12421,"Dev_Pervious-D-Med-Confined",2,7.121216,0.3,300
6929,12422,"Dev_Pervious-D-Med-Unconfined",2,0,0.01,300
6929,13111,"Agriculture-A-Low-Confined",2,0,0.01,400
6929,13112,"Agriculture-A-Low-Unconfined",2,0,0.01,400
6929,13121,"Agriculture-A-Med-Confined",2,0,0.01,300
6929,13122,"Agriculture-A-Med-Unconfined",2,0,0.01,300
6929,13211,"Agriculture-B-Low-Confined",2,0,0.01,400
6929,13212,"Agriculture-B-Low-Unconfined",2,0,0.01,400
6929,13221,"Agriculture-B-Med-Confined",2,0,0.01,300
6929,13222,"Agriculture-B-Med-Unconfined",2,0,0.01,300
6929,13231,"Agriculture-B-High-Confined",2,0,0.01,400
6929,13232,"Agriculture-B-High-Unconfined",2,0,0.01,400
6929,13311,"Agriculture-C-Low-Confined",2,0,0.01,400
6929,13312,"Agriculture-C-Low-Unconfined",2,0,0.01,400
6929,13321,"Agriculture-C-Med-Confined",2,0,0.01,300
6929,13322,"Agriculture-C-Med-Unconfined",2,0,0.01,300
6929,13331,"Agriculture-C-High-Confined",2,0,0.01,400
6929,13411,"Agriculture-D-Low-Confined",2,0,0.01,400
6929,13412,"Agriculture-D-Low-Unconfined",2,0,0.01,400
6929,13421,"Agriculture-D-Med-Confined",2,0,0.01,300
6929,13422,"Agriculture-D-Med-Unconfined",2,0,0.01,300
6929,13431,"Agriculture-D-High-Confined",2,0,0.01,400
6929,13432,"Agriculture-D-High-Unconfined",2,0,0.01,400
6929,14121,"Veg_Low-A-Med-Confined",2,0,0.01,300
6929,14122,"Veg_Low-A-Med-Unconfined",2,0,0.01,300
6929,14131,"Veg_Low-A-High-Confined",2,0,0.01,400
6929,14132,"Veg_Low-A-High-Unconfined",2,0,0.01,400
6929,14221,"Veg_Low-B-Med-Confined",2,49.363252,0.09,300
6929,14222,"Veg_Low-B-Med-Unconfined",2,4.133968,0.02,300
6929,14231,"Veg_Low-B-High-Confined",2,0,0.01,400
6929,14232,"Veg_Low-B-High-Unconfined",2,0,0.01,400
6929,14321,"Veg_Low-C-Med-Confined",2,72.060509,0.14,300
6929,14322,"Veg_Low-C-Med-Unconfined",2,2.885249,0.04,300
6929,14331,"Veg_Low-C-High-Confined",2,0.529696,0.36,400
6929,14332,"Veg_Low-C-High-Unconfined",2,0,0.01,400
6929,14421,"Veg_Low-D-Med-Confined",2,0.565862,0.14,300
6929,14422,"Veg_Low-D-Med-Unconfined",2,0,0.01,300
6929,14431,"Veg_Low-D-High-Confined",2,66.077165,0.32,400
6929,14432,"Veg_Low-D-High-Unconfined",2,0,0.01,400
6929,15121,"Veg_High-A-Med-Confined",2,0,0.01,300
6929,15122,"Veg_High-A-Med-Unconfined",2,0,0.01,300
6929,15131,"Veg_High-A-High-Confined",2,0,0.01,400
6929,15132,"Veg_High-A-High-Unconfined",2,0,0.01,400
6929,15221,"Veg_High-B-Med-Confined",2,4.451563,0.07,300
6929,15222,"Veg_High-B-Med-Unconfined",2,3.546215,0.02,300
6929,15231,"Veg_High-B-High-Confined",2,0,0.01,400
6929,15232,"Veg_High-B-High-Unconfined",2,0,0.01,400
6929,15321,"Veg_High-C-Med-Confined",2,33.334763,0.16,300
6929,15322,"Veg_High-C-Med-Unconfined",2,0.708427,0.04,300
6929,15331,"Veg_High-C-High-Confined",2,1.110733,0.29,400
6929,15332,"Veg_High-C-High-Unconfined",2,0,0.01,400
6929,15421,"Veg_High-D-Med-Confined",2,0,0.01,300
6929,15422,"Veg_High-D-Med-Unconfined",2,0,0.01,300
6929,15431,"Veg_High-D-High-Confined",2,1.510049,0.48,400
6929,15432,"Veg_High-D-High-Unconfined",2,0,0.01,400
6929,16000,"Water-All-All-All",1,0,0.01,100
6930,1000,"Road_Freeway-All-All-All",1,1.943686,0.04,100
6930,2000,"Road_Primary-All-All-All",1,4.550271,0.12,100
6930,3000,"Road_Minor-All-All-All",1,7.544063,0.09,100
6930,4000,"Dev_ResHigh-All-All-All",1,0.037254,0.01,100
6930,5000,"Dev_ResLow-All-All-All",1,63.338211,0.13,100
6930,6000,"Dev_Com-All-All-All",1,1.366284,0.09,100
6930,7000,"Dev_Ind-All-All-All",1,0,0.01,100
6930,8000,"Dev_Inst-All-All-All",1,2.345086,0.14,100
6930,9000,"Dev_Roof-All-All-All",1,13.967216,0.12,100
6930,10000,"Dev_Overspray-All-All-All",1,2.476475,0.13,100
6930,11111,"Dev_Irrigated-A-Low-Confined",2,0,0.01,400
6930,11112,"Dev_Irrigated-A-Low-Unconfined",2,0,0.01,400
6930,11121,"Dev_Irrigated-A-Med-Confined",2,0,0.01,300
6930,11122,"Dev_Irrigated-A-Med-Unconfined",2,0,0.01,300
6930,11211,"Dev_Irrigated-B-Low-Confined",2,2.718873,0.09,400
6930,11212,"Dev_Irrigated-B-Low-Unconfined",2,11.603562,0.05,400
6930,11221,"Dev_Irrigated-B-Med-Confined",2,4.095059,0.06,300
6930,11222,"Dev_Irrigated-B-Med-Unconfined",2,0.247763,0.05,300
6930,11311,"Dev_Irrigated-C-Low-Confined",2,0.294062,0.14,400
6930,11312,"Dev_Irrigated-C-Low-Unconfined",2,1.418386,0.09,400
6930,11321,"Dev_Irrigated-C-Med-Confined",2,5.07374,0.2,300
6930,11322,"Dev_Irrigated-C-Med-Unconfined",2,0.384241,0.06,300
6930,11411,"Dev_Irrigated-D-Low-Confined",2,0.155303,0.19,400
6930,11412,"Dev_Irrigated-D-Low-Unconfined",2,0.036277,0.1,400
6930,11421,"Dev_Irrigated-D-Med-Confined",2,23.49053,0.26,300
6930,11422,"Dev_Irrigated-D-Med-Unconfined",2,0.011697,0.06,300
6930,12111,"Dev_Pervious-A-Low-Confined",2,0,0.01,400
6930,12112,"Dev_Pervious-A-Low-Unconfined",2,0,0.01,400
6930,12121,"Dev_Pervious-A-Med-Confined",2,0,0.01,300
6930,12122,"Dev_Pervious-A-Med-Unconfined",2,0,0.01,300
6930,12211,"Dev_Pervious-B-Low-Confined",2,7.007746,0.1,400
6930,12212,"Dev_Pervious-B-Low-Unconfined",2,29.907545,0.05,400
6930,12221,"Dev_Pervious-B-Med-Confined",2,10.55479,0.05,300
6930,12222,"Dev_Pervious-B-Med-Unconfined",2,0.638596,0.05,300
6930,12311,"Dev_Pervious-C-Low-Confined",2,0.757929,0.16,400
6930,12312,"Dev_Pervious-C-Low-Unconfined",2,3.655812,0.09,400
6930,12321,"Dev_Pervious-C-Med-Confined",2,13.077285,0.1,300
6930,12322,"Dev_Pervious-C-Med-Unconfined",2,0.990361,0.06,300
6930,12411,"Dev_Pervious-D-Low-Confined",2,0.400284,0.2,400
6930,12412,"Dev_Pervious-D-Low-Unconfined",2,0.093503,0.13,400
6930,12421,"Dev_Pervious-D-Med-Confined",2,60.545551,0.24,300
6930,12422,"Dev_Pervious-D-Med-Unconfined",2,0.030148,0.06,300
6930,13111,"Agriculture-A-Low-Confined",2,0,0.01,400
6930,13112,"Agriculture-A-Low-Unconfined",2,0,0.01,400
6930,13121,"Agriculture-A-Med-Confined",2,0,0.01,300
6930,13122,"Agriculture-A-Med-Unconfined",2,0,0.01,300
6930,13211,"Agriculture-B-Low-Confined",2,0,0.01,400
6930,13212,"Agriculture-B-Low-Unconfined",2,0,0.01,400
6930,13221,"Agriculture-B-Med-Confined",2,0,0.01,300
6930,13222,"Agriculture-B-Med-Unconfined",2,0,0.01,300
6930,13231,"Agriculture-B-High-Confined",2,0,0.01,400
6930,13232,"Agriculture-B-High-Unconfined",2,0,0.01,400
6930,13311,"Agriculture-C-Low-Confined",2,0,0.01,400
6930,13312,"Agriculture-C-Low-Unconfined",2,0,0.01,400
6930,13321,"Agriculture-C-Med-Confined",2,0,0.01,300
6930,13322,"Agriculture-C-Med-Unconfined",2,0,0.01,300
6930,13331,"Agriculture-C-High-Confined",2,0,0.01,400
6930,13411,"Agriculture-D-Low-Confined",2,0,0.01,400
6930,13412,"Agriculture-D-Low-Unconfined",2,0,0.01,400
6930,13421,"Agriculture-D-Med-Confined",2,0,0.01,300
6930,13422,"Agriculture-D-Med-Unconfined",2,0,0.01,300
6930,13431,"Agriculture-D-High-Confined",2,0,0.01,400
6930,13432,"Agriculture-D-High-Unconfined",2,0,0.01,400
6930,14121,"Veg_Low-A-Med-Confined",2,0,0.01,300
6930,14122,"Veg_Low-A-Med-Unconfined",2,0,0.01,300
6930,14131,"Veg_Low-A-High-Confined",2,0,0.01,400
6930,14132,"Veg_Low-A-High-Unconfined",2,0,0.01,400
6930,14221,"Veg_Low-B-Med-Confined",2,17.670462,0.1,300
6930,14222,"Veg_Low-B-Med-Unconfined",2,27.481516,0.04,300
6930,14231,"Veg_Low-B-High-Confined",2,0,0.01,400
6930,14232,"Veg_Low-B-High-Unconfined",2,0,0.01,400
6930,14321,"Veg_Low-C-Med-Confined",2,28.610211,0.14,300
6930,14322,"Veg_Low-C-Med-Unconfined",2,11.07885,0.1,300
6930,14331,"Veg_Low-C-High-Confined",2,0.12262,0.2,400
6930,14332,"Veg_Low-C-High-Unconfined",2,0,0.01,400
6930,14421,"Veg_Low-D-Med-Confined",2,9.141649,0.2,300
6930,14422,"Veg_Low-D-Med-Unconfined",2,0.104676,0.06,300
6930,14431,"Veg_Low-D-High-Confined",2,20.315666,0.31,400
6930,14432,"Veg_Low-D-High-Unconfined",2,0,0.01,400
6930,15121,"Veg_High-A-Med-Confined",2,0,0.01,300
6930,15122,"Veg_High-A-Med-Unconfined",2,0,0.01,300
6930,15131,"Veg_High-A-High-Confined",2,0,0.01,400
6930,15132,"Veg_High-A-High-Unconfined",2,0,0.01,400
6930,15221,"Veg_High-B-Med-Confined",2,17.542948,0.13,300
6930,15222,"Veg_High-B-Med-Unconfined",2,25.881457,0.08,300
6930,15231,"Veg_High-B-High-Confined",2,0,0.01,400
6930,15232,"Veg_High-B-High-Unconfined",2,0,0.01,400
6930,15321,"Veg_High-C-Med-Confined",2,24.349348,0.1,300
6930,15322,"Veg_High-C-Med-Unconfined",2,9.983641,0.12,300
6930,15331,"Veg_High-C-High-Confined",2,1.116292,0.21,400
6930,15332,"Veg_High-C-High-Unconfined",2,0,0.01,400
6930,15421,"Veg_High-D-Med-Confined",2,13.649023,0.22,300
6930,15422,"Veg_High-D-Med-Unconfined",2,0.010468,0.02,300
6930,15431,"Veg_High-D-High-Confined",2,21.656808,0.3,400
6930,15432,"Veg_High-D-High-Unconfined",2,0,0.01,400
6930,16000,"Water-All-All-All",1,0.910333,0.04,100
6931,1000,"Road_Freeway-All-All-All",1,0,0.01,100
6931,2000,"Road_Primary-All-All-All",1,0.522581,0.16,100
6931,3000,"Road_Minor-All-All-All",1,9.347728,0.09,100
6931,4000,"Dev_ResHigh-All-All-All",1,0,0.01,100
6931,5000,"Dev_ResLow-All-All-All",1,79.694719,0.11,100
6931,6000,"Dev_Com-All-All-All",1,0,0.01,100
6931,7000,"Dev_Ind-All-All-All",1,2.355584,0.1,100
6931,8000,"Dev_Inst-All-All-All",1,0.023924,0.04,100
6931,9000,"Dev_Roof-All-All-All",1,20.402703,0.03,100
6931,10000,"Dev_Overspray-All-All-All",1,2.874084,0.1,100
6931,11111,"Dev_Irrigated-A-Low-Confined",2,0.079182,0.11,400
6931,11112,"Dev_Irrigated-A-Low-Unconfined",2,0,0.01,400
6931,11121,"Dev_Irrigated-A-Med-Confined",2,0.110793,0.24,300
6931,11122,"Dev_Irrigated-A-Med-Unconfined",2,0,0.01,300
6931,11211,"Dev_Irrigated-B-Low-Confined",2,0,0.01,400
6931,11212,"Dev_Irrigated-B-Low-Unconfined",2,0,0.01,400
6931,11221,"Dev_Irrigated-B-Med-Confined",2,0,0.01,300
6931,11222,"Dev_Irrigated-B-Med-Unconfined",2,0,0.01,300
6931,11311,"Dev_Irrigated-C-Low-Confined",2,0,0.01,400
6931,11312,"Dev_Irrigated-C-Low-Unconfined",2,0,0.01,400
6931,11321,"Dev_Irrigated-C-Med-Confined",2,33.583722,0.24,300
6931,11322,"Dev_Irrigated-C-Med-Unconfined",2,0,0.01,300
6931,11411,"Dev_Irrigated-D-Low-Confined",2,0,0.01,400
6931,11412,"Dev_Irrigated-D-Low-Unconfined",2,0,0.01,400
6931,11421,"Dev_Irrigated-D-Med-Confined",2,23.707987,0.3,300
6931,11422,"Dev_Irrigated-D-Med-Unconfined",2,0,0.01,300
6931,12111,"Dev_Pervious-A-Low-Confined",2,0.204086,0.09,400
6931,12112,"Dev_Pervious-A-Low-Unconfined",2,0,0.01,400
6931,12121,"Dev_Pervious-A-Med-Confined",2,0.285563,0.07,300
6931,12122,"Dev_Pervious-A-Med-Unconfined",2,0,0.01,300
6931,12211,"Dev_Pervious-B-Low-Confined",2,0,0.01,400
6931,12212,"Dev_Pervious-B-Low-Unconfined",2,0,0.01,400
6931,12221,"Dev_Pervious-B-Med-Confined",2,0,0.01,300
6931,12222,"Dev_Pervious-B-Med-Unconfined",2,0,0.01,300
6931,12311,"Dev_Pervious-C-Low-Confined",2,0,0.01,400
6931,12312,"Dev_Pervious-C-Low-Unconfined",2,0,0.01,400
6931,12321,"Dev_Pervious-C-Med-Confined",2,86.560199,0.1,300
6931,12322,"Dev_Pervious-C-Med-Unconfined",2,0,0.01,300
6931,12411,"Dev_Pervious-D-Low-Confined",2,0,0.01,400
6931,12412,"Dev_Pervious-D-Low-Unconfined",2,0,0.01,400
6931,12421,"Dev_Pervious-D-Med-Confined",2,61.106035,0.24,300
6931,12422,"Dev_Pervious-D-Med-Unconfined",2,0,0.01,300
6931,13111,"Agriculture-A-Low-Confined",2,0,0.01,400
6931,13112,"Agriculture-A-Low-Unconfined",2,0,0.01,400
6931,13121,"Agriculture-A-Med-Confined",2,0,0.01,300
6931,13122,"Agriculture-A-Med-Unconfined",2,0,0.01,300
6931,13211,"Agriculture-B-Low-Confined",2,0,0.01,400
6931,13212,"Agriculture-B-Low-Unconfined",2,0,0.01,400
6931,13221,"Agriculture-B-Med-Confined",2,0,0.01,300
6931,13222,"Agriculture-B-Med-Unconfined",2,0,0.01,300
6931,13231,"Agriculture-B-High-Confined",2,0,0.01,400
6931,13232,"Agriculture-B-High-Unconfined",2,0,0.01,400
6931,13311,"Agriculture-C-Low-Confined",2,0,0.01,400
6931,13312,"Agriculture-C-Low-Unconfined",2,0,0.01,400
6931,13321,"Agriculture-C-Med-Confined",2,0,0.01,300
6931,13322,"Agriculture-C-Med-Unconfined",2,0,0.01,300
6931,13331,"Agriculture-C-High-Confined",2,0,0.01,400
6931,13411,"Agriculture-D-Low-Confined",2,0,0.01,400
6931,13412,"Agriculture-D-Low-Unconfined",2,0,0.01,400
6931,13421,"Agriculture-D-Med-Confined",2,0,0.01,300
6931,13422,"Agriculture-D-Med-Unconfined",2,0,0.01,300
6931,13431,"Agriculture-D-High-Confined",2,0,0.01,400
6931,13432,"Agriculture-D-High-Unconfined",2,0,0.01,400
6931,14121,"Veg_Low-A-Med-Confined",2,0.922806,0.15,300
6931,14122,"Veg_Low-A-Med-Unconfined",2,0,0.01,300
6931,14131,"Veg_Low-A-High-Confined",2,2.671437,0.16,400
6931,14132,"Veg_Low-A-High-Unconfined",2,0,0.01,400
6931,14221,"Veg_Low-B-Med-Confined",2,0,0.01,300
6931,14222,"Veg_Low-B-Med-Unconfined",2,0,0.01,300
6931,14231,"Veg_Low-B-High-Confined",2,0,0.01,400
6931,14232,"Veg_Low-B-High-Unconfined",2,0,0.01,400
6931,14321,"Veg_Low-C-Med-Confined",2,55.067035,0.11,300
6931,14322,"Veg_Low-C-Med-Unconfined",2,0,0.01,300
6931,14331,"Veg_Low-C-High-Confined",2,274.207502,0.26,400
6931,14332,"Veg_Low-C-High-Unconfined",2,0,0.01,400
6931,14421,"Veg_Low-D-Med-Confined",2,36.370373,0.12,300
6931,14422,"Veg_Low-D-Med-Unconfined",2,0,0.01,300
6931,14431,"Veg_Low-D-High-Confined",2,397.062771,0.47,400
6931,14432,"Veg_Low-D-High-Unconfined",2,0,0.01,400
6931,15121,"Veg_High-A-Med-Confined",2,0.292262,0.12,300
6931,15122,"Veg_High-A-Med-Unconfined",2,0,0.01,300
6931,15131,"Veg_High-A-High-Confined",2,0.038286,0.37,400
6931,15132,"Veg_High-A-High-Unconfined",2,0,0.01,400
6931,15221,"Veg_High-B-Med-Confined",2,0,0.01,300
6931,15222,"Veg_High-B-Med-Unconfined",2,0,0.01,300
6931,15231,"Veg_High-B-High-Confined",2,0,0.01,400
6931,15232,"Veg_High-B-High-Unconfined",2,0,0.01,400
6931,15321,"Veg_High-C-Med-Confined",2,54.405246,0.12,300
6931,15322,"Veg_High-C-Med-Unconfined",2,0,0.01,300
6931,15331,"Veg_High-C-High-Confined",2,104.667192,0.25,400
6931,15332,"Veg_High-C-High-Unconfined",2,0,0.01,400
6931,15421,"Veg_High-D-Med-Confined",2,20.158775,0.16,300
6931,15422,"Veg_High-D-Med-Unconfined",2,0,0.01,300
6931,15431,"Veg_High-D-High-Confined",2,179.295764,0.33,400
6931,15432,"Veg_High-D-High-Unconfined",2,0,0.01,400
6931,16000,"Water-All-All-All",1,0,0.01,100
6932,1000,"Road_Freeway-All-All-All",1,0,0.01,100
6932,2000,"Road_Primary-All-All-All",1,0.11528,0.13,100
6932,3000,"Road_Minor-All-All-All",1,2.969446,0.07,100
6932,4000,"Dev_ResHigh-All-All-All",1,0,0.01,100
6932,5000,"Dev_ResLow-All-All-All",1,36.471769,0.11,100
6932,6000,"Dev_Com-All-All-All",1,0,0.01,100
6932,7000,"Dev_Ind-All-All-All",1,0.250899,0.04,100
6932,8000,"Dev_Inst-All-All-All",1,0.01535,0.06,100
6932,9000,"Dev_Roof-All-All-All",1,8.72991,0.09,100
6932,10000,"Dev_Overspray-All-All-All",1,1.542094,0.11,100
6932,11111,"Dev_Irrigated-A-Low-Confined",2,0,0.01,400
6932,11112,"Dev_Irrigated-A-Low-Unconfined",2,0,0.01,400
6932,11121,"Dev_Irrigated-A-Med-Confined",2,0,0.01,300
6932,11122,"Dev_Irrigated-A-Med-Unconfined",2,0,0.01,300
6932,11211,"Dev_Irrigated-B-Low-Confined",2,0,0.01,400
6932,11212,"Dev_Irrigated-B-Low-Unconfined",2,0,0.01,400
6932,11221,"Dev_Irrigated-B-Med-Confined",2,0,0.1,300
6932,11222,"Dev_Irrigated-B-Med-Unconfined",2,0,0.01,300
6932,11311,"Dev_Irrigated-C-Low-Confined",2,0,0.01,400
6932,11312,"Dev_Irrigated-C-Low-Unconfined",2,0,0.01,400
6932,11321,"Dev_Irrigated-C-Med-Confined",2,27.630381,0.34,300
6932,11322,"Dev_Irrigated-C-Med-Unconfined",2,0,0.01,300
6932,11411,"Dev_Irrigated-D-Low-Confined",2,0.010679,0.03,400
6932,11412,"Dev_Irrigated-D-Low-Unconfined",2,0,0.01,400
6932,11421,"Dev_Irrigated-D-Med-Confined",2,3.200811,0.29,300
6932,11422,"Dev_Irrigated-D-Med-Unconfined",2,0,0.01,300
6932,12111,"Dev_Pervious-A-Low-Confined",2,0,0.01,400
6932,12112,"Dev_Pervious-A-Low-Unconfined",2,0,0.01,400
6932,12121,"Dev_Pervious-A-Med-Confined",2,0,0.01,300
6932,12122,"Dev_Pervious-A-Med-Unconfined",2,0,0.01,300
6932,12211,"Dev_Pervious-B-Low-Confined",2,0,0.01,400
6932,12212,"Dev_Pervious-B-Low-Unconfined",2,0,0.01,400
6932,12221,"Dev_Pervious-B-Med-Confined",2,0,0.01,300
6932,12222,"Dev_Pervious-B-Med-Unconfined",2,0,0.01,300
6932,12311,"Dev_Pervious-C-Low-Confined",2,0,0.01,400
6932,12312,"Dev_Pervious-C-Low-Unconfined",2,0,0.01,400
6932,12321,"Dev_Pervious-C-Med-Confined",2,71.21579,0.31,300
6932,12322,"Dev_Pervious-C-Med-Unconfined",2,0,0.01,300
6932,12411,"Dev_Pervious-D-Low-Confined",2,0.027523,0.05,400
6932,12412,"Dev_Pervious-D-Low-Unconfined",2,0,0.01,400
6932,12421,"Dev_Pervious-D-Med-Confined",2,8.249914,0.12,300
6932,12422,"Dev_Pervious-D-Med-Unconfined",2,0,0.01,300
6932,13111,"Agriculture-A-Low-Confined",2,0,0.01,400
6932,13112,"Agriculture-A-Low-Unconfined",2,0,0.01,400
6932,13121,"Agriculture-A-Med-Confined",2,0,0.01,300
6932,13122,"Agriculture-A-Med-Unconfined",2,0,0.01,300
6932,13211,"Agriculture-B-Low-Confined",2,0,0.01,400
6932,13212,"Agriculture-B-Low-Unconfined",2,0,0.01,400
6932,13221,"Agriculture-B-Med-Confined",2,0,0.01,300
6932,13222,"Agriculture-B-Med-Unconfined",2,0,0.01,300
6932,13231,"Agriculture-B-High-Confined",2,0,0.01,400
6932,13232,"Agriculture-B-High-Unconfined",2,0,0.01,400
6932,13311,"Agriculture-C-Low-Confined",2,0,0.01,400
6932,13312,"Agriculture-C-Low-Unconfined",2,0,0.01,400
6932,13321,"Agriculture-C-Med-Confined",2,0,0.01,300
6932,13322,"Agriculture-C-Med-Unconfined",2,0,0.01,300
6932,13331,"Agriculture-C-High-Confined",2,0,0.01,400
6932,13411,"Agriculture-D-Low-Confined",2,0,0.01,400
6932,13412,"Agriculture-D-Low-Unconfined",2,0,0.01,400
6932,13421,"Agriculture-D-Med-Confined",2,0,0.01,300
6932,13422,"Agriculture-D-Med-Unconfined",2,0,0.01,300
6932,13431,"Agriculture-D-High-Confined",2,0,0.01,400
6932,13432,"Agriculture-D-High-Unconfined",2,0,0.01,400
6932,14121,"Veg_Low-A-Med-Confined",2,0,0.01,300
6932,14122,"Veg_Low-A-Med-Unconfined",2,0,0.01,300
6932,14131,"Veg_Low-A-High-Confined",2,0,0.01,400
6932,14132,"Veg_Low-A-High-Unconfined",2,0,0.01,400
6932,14221,"Veg_Low-B-Med-Confined",2,4.60221,0.07,300
6932,14222,"Veg_Low-B-Med-Unconfined",2,0,0.01,300
6932,14231,"Veg_Low-B-High-Confined",2,0,0.01,400
6932,14232,"Veg_Low-B-High-Unconfined",2,0,0.01,400
6932,14321,"Veg_Low-C-Med-Confined",2,0.005263,0.14,300
6932,14322,"Veg_Low-C-Med-Unconfined",2,0,0.01,300
6932,14331,"Veg_Low-C-High-Confined",2,220.138829,0.42,400
6932,14332,"Veg_Low-C-High-Unconfined",2,0,0.01,400
6932,14421,"Veg_Low-D-Med-Confined",2,0.00097,0.14,300
6932,14422,"Veg_Low-D-Med-Unconfined",2,0,0.01,300
6932,14431,"Veg_Low-D-High-Confined",2,75.58028,0.3,400
6932,14432,"Veg_Low-D-High-Unconfined",2,0,0.01,400
6932,15121,"Veg_High-A-Med-Confined",2,0,0.01,300
6932,15122,"Veg_High-A-Med-Unconfined",2,0,0.01,300
6932,15131,"Veg_High-A-High-Confined",2,0,0.01,400
6932,15132,"Veg_High-A-High-Unconfined",2,0,0.01,400
6932,15221,"Veg_High-B-Med-Confined",2,0.101862,0.12,300
6932,15222,"Veg_High-B-Med-Unconfined",2,0,0.01,300
6932,15231,"Veg_High-B-High-Confined",2,0,0.01,400
6932,15232,"Veg_High-B-High-Unconfined",2,0,0.01,400
6932,15321,"Veg_High-C-Med-Confined",2,0.00097,0.18,300
6932,15322,"Veg_High-C-Med-Unconfined",2,0,0.01,300
6932,15331,"Veg_High-C-High-Confined",2,97.329294,0.42,400
6932,15332,"Veg_High-C-High-Unconfined",2,0,0.01,400
6932,15421,"Veg_High-D-Med-Confined",2,0.006767,0.01,300
6932,15422,"Veg_High-D-Med-Unconfined",2,0,0.01,300
6932,15431,"Veg_High-D-High-Confined",2,33.22633,0.39,400
6932,15432,"Veg_High-D-High-Unconfined",2,0,0.01,400
6932,16000,"Water-All-All-All",1,0,0.01,100
6933,1000,"Road_Freeway-All-All-All",1,0,0.01,100
6933,2000,"Road_Primary-All-All-All",1,17.157848,0.04,100
6933,3000,"Road_Minor-All-All-All",1,29.347209,0.04,100
6933,4000,"Dev_ResHigh-All-All-All",1,1.354635,0.01,100
6933,5000,"Dev_ResLow-All-All-All",1,107.980193,0.04,100
6933,6000,"Dev_Com-All-All-All",1,1.347691,0.01,100
6933,7000,"Dev_Ind-All-All-All",1,0.021616,0.01,100
6933,8000,"Dev_Inst-All-All-All",1,10.871986,0.01,100
6933,9000,"Dev_Roof-All-All-All",1,46.20146,0.04,100
6933,10000,"Dev_Overspray-All-All-All",1,3.570854,0.04,100
6933,11111,"Dev_Irrigated-A-Low-Confined",2,0,0.01,400
6933,11112,"Dev_Irrigated-A-Low-Unconfined",2,9.104453,0.01,400
6933,11121,"Dev_Irrigated-A-Med-Confined",2,0,0.01,300
6933,11122,"Dev_Irrigated-A-Med-Unconfined",2,0,0.01,300
6933,11211,"Dev_Irrigated-B-Low-Confined",2,0,0.02,400
6933,11212,"Dev_Irrigated-B-Low-Unconfined",2,56.673751,0.02,400
6933,11221,"Dev_Irrigated-B-Med-Confined",2,4.82464,0.11,300
6933,11222,"Dev_Irrigated-B-Med-Unconfined",2,0,0.01,300
6933,11311,"Dev_Irrigated-C-Low-Confined",2,0,0.01,400
6933,11312,"Dev_Irrigated-C-Low-Unconfined",2,0,0.01,400
6933,11321,"Dev_Irrigated-C-Med-Confined",2,0,0.01,300
6933,11322,"Dev_Irrigated-C-Med-Unconfined",2,0,0.01,300
6933,11411,"Dev_Irrigated-D-Low-Confined",2,0,0.01,400
6933,11412,"Dev_Irrigated-D-Low-Unconfined",2,0.814241,0.03,400
6933,11421,"Dev_Irrigated-D-Med-Confined",2,0,0.01,300
6933,11422,"Dev_Irrigated-D-Med-Unconfined",2,0,0.01,300
6933,12111,"Dev_Pervious-A-Low-Confined",2,0,0.01,400
6933,12112,"Dev_Pervious-A-Low-Unconfined",2,23.466228,0.01,400
6933,12121,"Dev_Pervious-A-Med-Confined",2,0,0.01,300
6933,12122,"Dev_Pervious-A-Med-Unconfined",2,0,0.01,300
6933,12211,"Dev_Pervious-B-Low-Confined",2,0,0.01,400
6933,12212,"Dev_Pervious-B-Low-Unconfined",2,146.073482,0.02,400
6933,12221,"Dev_Pervious-B-Med-Confined",2,12.435244,0.11,300
6933,12222,"Dev_Pervious-B-Med-Unconfined",2,0,0.01,300
6933,12311,"Dev_Pervious-C-Low-Confined",2,0,0.01,400
6933,12312,"Dev_Pervious-C-Low-Unconfined",2,0,0.01,400
6933,12321,"Dev_Pervious-C-Med-Confined",2,0,0.01,300
6933,12322,"Dev_Pervious-C-Med-Unconfined",2,0,0.01,300
6933,12411,"Dev_Pervious-D-Low-Confined",2,0,0.01,400
6933,12412,"Dev_Pervious-D-Low-Unconfined",2,2.098662,0.03,400
6933,12421,"Dev_Pervious-D-Med-Confined",2,0,0.01,300
6933,12422,"Dev_Pervious-D-Med-Unconfined",2,0,0.01,300
6933,13111,"Agriculture-A-Low-Confined",2,0,0.01,400
6933,13112,"Agriculture-A-Low-Unconfined",2,0,0.01,400
6933,13121,"Agriculture-A-Med-Confined",2,0,0.01,300
6933,13122,"Agriculture-A-Med-Unconfined",2,0,0.01,300
6933,13211,"Agriculture-B-Low-Confined",2,0,0.01,400
6933,13212,"Agriculture-B-Low-Unconfined",2,0,0.01,400
6933,13221,"Agriculture-B-Med-Confined",2,0,0.01,300
6933,13222,"Agriculture-B-Med-Unconfined",2,0,0.01,300
6933,13231,"Agriculture-B-High-Confined",2,0,0.01,400
6933,13232,"Agriculture-B-High-Unconfined",2,0,0.01,400
6933,13311,"Agriculture-C-Low-Confined",2,0,0.01,400
6933,13312,"Agriculture-C-Low-Unconfined",2,0,0.01,400
6933,13321,"Agriculture-C-Med-Confined",2,0,0.01,300
6933,13322,"Agriculture-C-Med-Unconfined",2,0,0.01,300
6933,13331,"Agriculture-C-High-Confined",2,0,0.01,400
6933,13411,"Agriculture-D-Low-Confined",2,0,0.01,400
6933,13412,"Agriculture-D-Low-Unconfined",2,0,0.01,400
6933,13421,"Agriculture-D-Med-Confined",2,0,0.01,300
6933,13422,"Agriculture-D-Med-Unconfined",2,0,0.01,300
6933,13431,"Agriculture-D-High-Confined",2,0,0.01,400
6933,13432,"Agriculture-D-High-Unconfined",2,0,0.01,400
6933,14121,"Veg_Low-A-Med-Confined",2,0,0.01,300
6933,14122,"Veg_Low-A-Med-Unconfined",2,6.062584,0.01,300
6933,14131,"Veg_Low-A-High-Confined",2,0,0.01,400
6933,14132,"Veg_Low-A-High-Unconfined",2,0,0.01,400
6933,14221,"Veg_Low-B-Med-Confined",2,5.165324,0.13,300
6933,14222,"Veg_Low-B-Med-Unconfined",2,49.328084,0.01,300
6933,14231,"Veg_Low-B-High-Confined",2,0,0.01,400
6933,14232,"Veg_Low-B-High-Unconfined",2,0,0.01,400
6933,14321,"Veg_Low-C-Med-Confined",2,0,0.01,300
6933,14322,"Veg_Low-C-Med-Unconfined",2,0,0.01,300
6933,14331,"Veg_Low-C-High-Confined",2,0,0.01,400
6933,14332,"Veg_Low-C-High-Unconfined",2,0,0.01,400
6933,14421,"Veg_Low-D-Med-Confined",2,0,0.01,300
6933,14422,"Veg_Low-D-Med-Unconfined",2,0.725995,0.02,300
6933,14431,"Veg_Low-D-High-Confined",2,0,0.01,400
6933,14432,"Veg_Low-D-High-Unconfined",2,0,0.01,400
6933,15121,"Veg_High-A-Med-Confined",2,0,0.01,300
6933,15122,"Veg_High-A-Med-Unconfined",2,10.759476,0.01,300
6933,15131,"Veg_High-A-High-Confined",2,0,0.01,400
6933,15132,"Veg_High-A-High-Unconfined",2,0,0.01,400
6933,15221,"Veg_High-B-Med-Confined",2,7.883177,0.1,300
6933,15222,"Veg_High-B-Med-Unconfined",2,92.8729,0.01,300
6933,15231,"Veg_High-B-High-Confined",2,0,0.01,400
6933,15232,"Veg_High-B-High-Unconfined",2,0,0.01,400
6933,15321,"Veg_High-C-Med-Confined",2,0,0.01,300
6933,15322,"Veg_High-C-Med-Unconfined",2,0,0.01,300
6933,15331,"Veg_High-C-High-Confined",2,0,0.01,400
6933,15332,"Veg_High-C-High-Unconfined",2,0,0.01,400
6933,15421,"Veg_High-D-Med-Confined",2,0,0.01,300
6933,15422,"Veg_High-D-Med-Unconfined",2,1.453645,0.02,300
6933,15431,"Veg_High-D-High-Confined",2,0,0.01,400
6933,15432,"Veg_High-D-High-Unconfined",2,0,0.01,400
6933,16000,"Water-All-All-All",1,0.381529,0.01,100
6934,1000,"Road_Freeway-All-All-All",1,8.463077,0.01,100
6934,2000,"Road_Primary-All-All-All",1,18.88547,0.01,100
6934,3000,"Road_Minor-All-All-All",1,37.521817,0.04,100
6934,4000,"Dev_ResHigh-All-All-All",1,0.009698,0.01,100
6934,5000,"Dev_ResLow-All-All-All",1,131.910115,0.03,100
6934,6000,"Dev_Com-All-All-All",1,5.538427,0.05,100
6934,7000,"Dev_Ind-All-All-All",1,0,0.01,100
6934,8000,"Dev_Inst-All-All-All",1,10.595327,0.01,100
6934,9000,"Dev_Roof-All-All-All",1,55.077407,0.03,100
6934,10000,"Dev_Overspray-All-All-All",1,4.124266,0.03,100
6934,11111,"Dev_Irrigated-A-Low-Confined",2,0.093435,0.05,400
6934,11112,"Dev_Irrigated-A-Low-Unconfined",2,43.070381,0.02,400
6934,11121,"Dev_Irrigated-A-Med-Confined",2,0,0.03,300
6934,11122,"Dev_Irrigated-A-Med-Unconfined",2,0,0.01,300
6934,11211,"Dev_Irrigated-B-Low-Confined",2,4.755834,0.08,400
6934,11212,"Dev_Irrigated-B-Low-Unconfined",2,16.320429,0.03,400
6934,11221,"Dev_Irrigated-B-Med-Confined",2,0,0.05,300
6934,11222,"Dev_Irrigated-B-Med-Unconfined",2,0,0.01,300
6934,11311,"Dev_Irrigated-C-Low-Confined",2,0,0.01,400
6934,11312,"Dev_Irrigated-C-Low-Unconfined",2,0,0.01,400
6934,11321,"Dev_Irrigated-C-Med-Confined",2,0,0.01,300
6934,11322,"Dev_Irrigated-C-Med-Unconfined",2,0,0.01,300
6934,11411,"Dev_Irrigated-D-Low-Confined",2,0.129192,0.1,400
6934,11412,"Dev_Irrigated-D-Low-Unconfined",2,17.191241,0.03,400
6934,11421,"Dev_Irrigated-D-Med-Confined",2,0.924814,0.06,300
6934,11422,"Dev_Irrigated-D-Med-Unconfined",2,0,0.01,300
6934,12111,"Dev_Pervious-A-Low-Confined",2,0.240823,0.05,400
6934,12112,"Dev_Pervious-A-Low-Unconfined",2,111.011542,0.02,400
6934,12121,"Dev_Pervious-A-Med-Confined",2,0,0.01,300
6934,12122,"Dev_Pervious-A-Med-Unconfined",2,0,0.01,300
6934,12211,"Dev_Pervious-B-Low-Confined",2,12.257901,0.08,400
6934,12212,"Dev_Pervious-B-Low-Unconfined",2,42.065011,0.03,400
6934,12221,"Dev_Pervious-B-Med-Confined",2,0,0.01,300
6934,12222,"Dev_Pervious-B-Med-Unconfined",2,0,0.01,300
6934,12311,"Dev_Pervious-C-Low-Confined",2,0,0.01,400
6934,12312,"Dev_Pervious-C-Low-Unconfined",2,0,0.01,400
6934,12321,"Dev_Pervious-C-Med-Confined",2,0,0.01,300
6934,12322,"Dev_Pervious-C-Med-Unconfined",2,0,0.01,300
6934,12411,"Dev_Pervious-D-Low-Confined",2,0.332986,0.1,400
6934,12412,"Dev_Pervious-D-Low-Unconfined",2,44.309479,0.03,400
6934,12421,"Dev_Pervious-D-Med-Confined",2,2.383658,0.06,300
6934,12422,"Dev_Pervious-D-Med-Unconfined",2,0,0.01,300
6934,13111,"Agriculture-A-Low-Confined",2,0,0.01,400
6934,13112,"Agriculture-A-Low-Unconfined",2,0,0.01,400
6934,13121,"Agriculture-A-Med-Confined",2,0,0.01,300
6934,13122,"Agriculture-A-Med-Unconfined",2,0,0.01,300
6934,13211,"Agriculture-B-Low-Confined",2,0,0.01,400
6934,13212,"Agriculture-B-Low-Unconfined",2,0,0.01,400
6934,13221,"Agriculture-B-Med-Confined",2,0,0.01,300
6934,13222,"Agriculture-B-Med-Unconfined",2,0,0.01,300
6934,13231,"Agriculture-B-High-Confined",2,0,0.01,400
6934,13232,"Agriculture-B-High-Unconfined",2,0,0.01,400
6934,13311,"Agriculture-C-Low-Confined",2,0,0.01,400
6934,13312,"Agriculture-C-Low-Unconfined",2,0,0.01,400
6934,13321,"Agriculture-C-Med-Confined",2,0,0.01,300
6934,13322,"Agriculture-C-Med-Unconfined",2,0,0.01,300
6934,13331,"Agriculture-C-High-Confined",2,0,0.01,400
6934,13411,"Agriculture-D-Low-Confined",2,0,0.01,400
6934,13412,"Agriculture-D-Low-Unconfined",2,0,0.01,400
6934,13421,"Agriculture-D-Med-Confined",2,0,0.01,300
6934,13422,"Agriculture-D-Med-Unconfined",2,0,0.01,300
6934,13431,"Agriculture-D-High-Confined",2,0,0.01,400
6934,13432,"Agriculture-D-High-Unconfined",2,0,0.01,400
6934,14121,"Veg_Low-A-Med-Confined",2,0.869067,0.02,300
6934,14122,"Veg_Low-A-Med-Unconfined",2,30.070886,0.01,300
6934,14131,"Veg_Low-A-High-Confined",2,0,0.01,400
6934,14132,"Veg_Low-A-High-Unconfined",2,0,0.01,400
6934,14221,"Veg_Low-B-Med-Confined",2,2.763952,0.08,300
6934,14222,"Veg_Low-B-Med-Unconfined",2,20.380804,0.02,300
6934,14231,"Veg_Low-B-High-Confined",2,0,0.01,400
6934,14232,"Veg_Low-B-High-Unconfined",2,0,0.01,400
6934,14321,"Veg_Low-C-Med-Confined",2,0,0.01,300
6934,14322,"Veg_Low-C-Med-Unconfined",2,0,0.01,300
6934,14331,"Veg_Low-C-High-Confined",2,0,0.01,400
6934,14332,"Veg_Low-C-High-Unconfined",2,0,0.01,400
6934,14421,"Veg_Low-D-Med-Confined",2,0.53267,0.1,300
6934,14422,"Veg_Low-D-Med-Unconfined",2,13.137412,0.02,300
6934,14431,"Veg_Low-D-High-Confined",2,0,0.01,400
6934,14432,"Veg_Low-D-High-Unconfined",2,0,0.01,400
6934,15121,"Veg_High-A-Med-Confined",2,0.173775,0.06,300
6934,15122,"Veg_High-A-Med-Unconfined",2,55.243413,0.02,300
6934,15131,"Veg_High-A-High-Confined",2,0,0.01,400
6934,15132,"Veg_High-A-High-Unconfined",2,0,0.01,400
6934,15221,"Veg_High-B-Med-Confined",2,6.929062,0.04,300
6934,15222,"Veg_High-B-Med-Unconfined",2,23.022718,0.02,300
6934,15231,"Veg_High-B-High-Confined",2,0,0.01,400
6934,15232,"Veg_High-B-High-Unconfined",2,0,0.01,400
6934,15321,"Veg_High-C-Med-Confined",2,0,0.01,300
6934,15322,"Veg_High-C-Med-Unconfined",2,0,0.01,300
6934,15331,"Veg_High-C-High-Confined",2,0,0.01,400
6934,15332,"Veg_High-C-High-Unconfined",2,0,0.01,400
6934,15421,"Veg_High-D-Med-Confined",2,0.884894,0.13,300
6934,15422,"Veg_High-D-Med-Unconfined",2,20.827579,0.02,300
6934,15431,"Veg_High-D-High-Confined",2,0,0.01,400
6934,15432,"Veg_High-D-High-Unconfined",2,0,0.01,400
6934,16000,"Water-All-All-All",1,0,0.01,100
6935,1000,"Road_Freeway-All-All-All",1,0.318662,0.01,100
6935,2000,"Road_Primary-All-All-All",1,3.854081,0.08,100
6935,3000,"Road_Minor-All-All-All",1,12.337704,0.13,100
6935,4000,"Dev_ResHigh-All-All-All",1,0,0.01,100
6935,5000,"Dev_ResLow-All-All-All",1,68.623009,0.15,100
6935,6000,"Dev_Com-All-All-All",1,0.143469,0.02,100
6935,7000,"Dev_Ind-All-All-All",1,0,0.01,100
6935,8000,"Dev_Inst-All-All-All",1,0.175829,0.1,100
6935,9000,"Dev_Roof-All-All-All",1,14.864736,0.18,100
6935,10000,"Dev_Overspray-All-All-All",1,2.890714,0.2,100
6935,11111,"Dev_Irrigated-A-Low-Confined",2,0.10738,0.04,400
6935,11112,"Dev_Irrigated-A-Low-Unconfined",2,0,0.01,400
6935,11121,"Dev_Irrigated-A-Med-Confined",2,0,0.01,300
6935,11122,"Dev_Irrigated-A-Med-Unconfined",2,0,0.01,300
6935,11211,"Dev_Irrigated-B-Low-Confined",2,0.000223,0.03,400
6935,11212,"Dev_Irrigated-B-Low-Unconfined",2,0,0.09,400
6935,11221,"Dev_Irrigated-B-Med-Confined",2,0.006631,0.08,300
6935,11222,"Dev_Irrigated-B-Med-Unconfined",2,0.055653,0.24,300
6935,11311,"Dev_Irrigated-C-Low-Confined",2,0,0.01,400
6935,11312,"Dev_Irrigated-C-Low-Unconfined",2,0,0.01,400
6935,11321,"Dev_Irrigated-C-Med-Confined",2,10.453443,0.3,300
6935,11322,"Dev_Irrigated-C-Med-Unconfined",2,0,0.01,300
6935,11411,"Dev_Irrigated-D-Low-Confined",2,0.019867,0.14,400
6935,11412,"Dev_Irrigated-D-Low-Unconfined",2,0,0.01,400
6935,11421,"Dev_Irrigated-D-Med-Confined",2,46.855804,0.28,300
6935,11422,"Dev_Irrigated-D-Med-Unconfined",2,0.315289,0.08,300
6935,12111,"Dev_Pervious-A-Low-Confined",2,0.276765,0.03,400
6935,12112,"Dev_Pervious-A-Low-Unconfined",2,0,0.01,400
6935,12121,"Dev_Pervious-A-Med-Confined",2,0,0.01,300
6935,12122,"Dev_Pervious-A-Med-Unconfined",2,0,0.01,300
6935,12211,"Dev_Pervious-B-Low-Confined",2,0.000574,0.03,400
6935,12212,"Dev_Pervious-B-Low-Unconfined",2,0,0.01,400
6935,12221,"Dev_Pervious-B-Med-Confined",2,0.017091,0.08,300
6935,12222,"Dev_Pervious-B-Med-Unconfined",2,0.143443,0.23,300
6935,12311,"Dev_Pervious-C-Low-Confined",2,0,0.01,400
6935,12312,"Dev_Pervious-C-Low-Unconfined",2,0,0.01,400
6935,12321,"Dev_Pervious-C-Med-Confined",2,26.943176,0.18,300
6935,12322,"Dev_Pervious-C-Med-Unconfined",2,0,0.01,300
6935,12411,"Dev_Pervious-D-Low-Confined",2,0.051207,0.06,400
6935,12412,"Dev_Pervious-D-Low-Unconfined",2,0,0.01,400
6935,12421,"Dev_Pervious-D-Med-Confined",2,120.768261,0.28,300
6935,12422,"Dev_Pervious-D-Med-Unconfined",2,0.812639,0.09,300
6935,13111,"Agriculture-A-Low-Confined",2,0,0.01,400
6935,13112,"Agriculture-A-Low-Unconfined",2,0,0.01,400
6935,13121,"Agriculture-A-Med-Confined",2,0,0.01,300
6935,13122,"Agriculture-A-Med-Unconfined",2,0,0.01,300
6935,13211,"Agriculture-B-Low-Confined",2,0,0.01,400
6935,13212,"Agriculture-B-Low-Unconfined",2,0,0.01,400
6935,13221,"Agriculture-B-Med-Confined",2,0,0.01,300
6935,13222,"Agriculture-B-Med-Unconfined",2,0,0.01,300
6935,13231,"Agriculture-B-High-Confined",2,0,0.01,400
6935,13232,"Agriculture-B-High-Unconfined",2,0,0.01,400
6935,13311,"Agriculture-C-Low-Confined",2,0,0.01,400
6935,13312,"Agriculture-C-Low-Unconfined",2,0,0.01,400
6935,13321,"Agriculture-C-Med-Confined",2,0,0.01,300
6935,13322,"Agriculture-C-Med-Unconfined",2,0,0.01,300
6935,13331,"Agriculture-C-High-Confined",2,0,0.01,400
6935,13411,"Agriculture-D-Low-Confined",2,0,0.01,400
6935,13412,"Agriculture-D-Low-Unconfined",2,0,0.01,400
6935,13421,"Agriculture-D-Med-Confined",2,0,0.01,300
6935,13422,"Agriculture-D-Med-Unconfined",2,0,0.01,300
6935,13431,"Agriculture-D-High-Confined",2,0,0.01,400
6935,13432,"Agriculture-D-High-Unconfined",2,0,0.01,400
6935,14121,"Veg_Low-A-Med-Confined",2,0.369864,0.02,300
6935,14122,"Veg_Low-A-Med-Unconfined",2,0,0.01,300
6935,14131,"Veg_Low-A-High-Confined",2,0,0.01,400
6935,14132,"Veg_Low-A-High-Unconfined",2,0,0.01,400
6935,14221,"Veg_Low-B-Med-Confined",2,0.000797,0.06,300
6935,14222,"Veg_Low-B-Med-Unconfined",2,0.013544,0.11,300
6935,14231,"Veg_Low-B-High-Confined",2,0,0.01,400
6935,14232,"Veg_Low-B-High-Unconfined",2,0,0.01,400
6935,14321,"Veg_Low-C-Med-Confined",2,0.398156,0.12,300
6935,14322,"Veg_Low-C-Med-Unconfined",2,0,0.01,300
6935,14331,"Veg_Low-C-High-Confined",2,32.259119,0.33,400
6935,14332,"Veg_Low-C-High-Unconfined",2,0,0.01,400
6935,14421,"Veg_Low-D-Med-Confined",2,42.061547,0.16,300
6935,14422,"Veg_Low-D-Med-Unconfined",2,0.455078,0.08,300
6935,14431,"Veg_Low-D-High-Confined",2,36.686806,0.31,400
6935,14432,"Veg_Low-D-High-Unconfined",2,0,0.01,400
6935,15121,"Veg_High-A-Med-Confined",2,0.165611,0.02,300
6935,15122,"Veg_High-A-Med-Unconfined",2,0,0.01,300
6935,15131,"Veg_High-A-High-Confined",2,0,0.01,400
6935,15132,"Veg_High-A-High-Unconfined",2,0,0.01,400
6935,15221,"Veg_High-B-Med-Confined",2,0.00239,0.08,300
6935,15222,"Veg_High-B-Med-Unconfined",2,0.056083,0.09,300
6935,15231,"Veg_High-B-High-Confined",2,0,0.01,400
6935,15232,"Veg_High-B-High-Unconfined",2,0,0.01,400
6935,15321,"Veg_High-C-Med-Confined",2,0,0.01,300
6935,15322,"Veg_High-C-Med-Unconfined",2,0,0.01,300
6935,15331,"Veg_High-C-High-Confined",2,27.052168,0.35,400
6935,15332,"Veg_High-C-High-Unconfined",2,0,0.01,400
6935,15421,"Veg_High-D-Med-Confined",2,19.271925,0.32,300
6935,15422,"Veg_High-D-Med-Unconfined",2,0.250812,0.1,300
6935,15431,"Veg_High-D-High-Confined",2,68.015684,0.36,400
6935,15432,"Veg_High-D-High-Unconfined",2,0,0.01,400
6935,16000,"Water-All-All-All",1,0.772943,0.04,100
6936,1000,"Road_Freeway-All-All-All",1,11.513088,0.05,100
6936,2000,"Road_Primary-All-All-All",1,7.585986,0.06,100
6936,3000,"Road_Minor-All-All-All",1,19.471126,0.12,100
6936,4000,"Dev_ResHigh-All-All-All",1,0,0.01,100
6936,5000,"Dev_ResLow-All-All-All",1,72.410248,0.15,100
6936,6000,"Dev_Com-All-All-All",1,0,0.01,100
6936,7000,"Dev_Ind-All-All-All",1,0,0.01,100
6936,8000,"Dev_Inst-All-All-All",1,1.366164,0.09,100
6936,9000,"Dev_Roof-All-All-All",1,18.567474,0.13,100
6936,10000,"Dev_Overspray-All-All-All",1,2.143799,0.14,100
6936,11111,"Dev_Irrigated-A-Low-Confined",2,0.158255,0.03,400
6936,11112,"Dev_Irrigated-A-Low-Unconfined",2,5.171315,0.03,400
6936,11121,"Dev_Irrigated-A-Med-Confined",2,0,0.01,300
6936,11122,"Dev_Irrigated-A-Med-Unconfined",2,0,0.01,300
6936,11211,"Dev_Irrigated-B-Low-Confined",2,0,0.01,400
6936,11212,"Dev_Irrigated-B-Low-Unconfined",2,0,0.01,400
6936,11221,"Dev_Irrigated-B-Med-Confined",2,0,0.01,300
6936,11222,"Dev_Irrigated-B-Med-Unconfined",2,0,0.01,300
6936,11311,"Dev_Irrigated-C-Low-Confined",2,0,0.01,400
6936,11312,"Dev_Irrigated-C-Low-Unconfined",2,0,0.08,400
6936,11321,"Dev_Irrigated-C-Med-Confined",2,19.799072,0.32,300
6936,11322,"Dev_Irrigated-C-Med-Unconfined",2,0.008841,0.08,300
6936,11411,"Dev_Irrigated-D-Low-Confined",2,0,0.01,400
6936,11412,"Dev_Irrigated-D-Low-Unconfined",2,2.162483,0.07,400
6936,11421,"Dev_Irrigated-D-Med-Confined",2,14.340461,0.32,300
6936,11422,"Dev_Irrigated-D-Med-Unconfined",2,1.235547,0.06,300
6936,12111,"Dev_Pervious-A-Low-Confined",2,0.407892,0.03,400
6936,12112,"Dev_Pervious-A-Low-Unconfined",2,13.328781,0.03,400
6936,12121,"Dev_Pervious-A-Med-Confined",2,0,0.01,300
6936,12122,"Dev_Pervious-A-Med-Unconfined",2,0,0.01,300
6936,12211,"Dev_Pervious-B-Low-Confined",2,0,0.01,400
6936,12212,"Dev_Pervious-B-Low-Unconfined",2,0,0.01,400
6936,12221,"Dev_Pervious-B-Med-Confined",2,0,0.01,300
6936,12222,"Dev_Pervious-B-Med-Unconfined",2,0,0.01,300
6936,12311,"Dev_Pervious-C-Low-Confined",2,0,0.01,400
6936,12312,"Dev_Pervious-C-Low-Unconfined",2,0,0.01,400
6936,12321,"Dev_Pervious-C-Med-Confined",2,51.03102,0.19,300
6936,12322,"Dev_Pervious-C-Med-Unconfined",2,0.022788,0.07,300
6936,12411,"Dev_Pervious-D-Low-Confined",2,0,0.01,400
6936,12412,"Dev_Pervious-D-Low-Unconfined",2,5.573682,0.07,400
6936,12421,"Dev_Pervious-D-Med-Confined",2,36.961751,0.28,300
6936,12422,"Dev_Pervious-D-Med-Unconfined",2,3.184554,0.06,300
6936,13111,"Agriculture-A-Low-Confined",2,0,0.01,400
6936,13112,"Agriculture-A-Low-Unconfined",2,0,0.01,400
6936,13121,"Agriculture-A-Med-Confined",2,0,0.01,300
6936,13122,"Agriculture-A-Med-Unconfined",2,0,0.01,300
6936,13211,"Agriculture-B-Low-Confined",2,0,0.01,400
6936,13212,"Agriculture-B-Low-Unconfined",2,0,0.01,400
6936,13221,"Agriculture-B-Med-Confined",2,0,0.01,300
6936,13222,"Agriculture-B-Med-Unconfined",2,0,0.01,300
6936,13231,"Agriculture-B-High-Confined",2,0,0.01,400
6936,13232,"Agriculture-B-High-Unconfined",2,0,0.01,400
6936,13311,"Agriculture-C-Low-Confined",2,0,0.01,400
6936,13312,"Agriculture-C-Low-Unconfined",2,0,0.01,400
6936,13321,"Agriculture-C-Med-Confined",2,0,0.01,300
6936,13322,"Agriculture-C-Med-Unconfined",2,0,0.01,300
6936,13331,"Agriculture-C-High-Confined",2,0,0.01,400
6936,13411,"Agriculture-D-Low-Confined",2,0,0.01,400
6936,13412,"Agriculture-D-Low-Unconfined",2,0,0.01,400
6936,13421,"Agriculture-D-Med-Confined",2,0,0.01,300
6936,13422,"Agriculture-D-Med-Unconfined",2,0,0.01,300
6936,13431,"Agriculture-D-High-Confined",2,0,0.01,400
6936,13432,"Agriculture-D-High-Unconfined",2,0,0.01,400
6936,14121,"Veg_Low-A-Med-Confined",2,0.328973,0.02,300
6936,14122,"Veg_Low-A-Med-Unconfined",2,2.488001,0.02,300
6936,14131,"Veg_Low-A-High-Confined",2,0,0.01,400
6936,14132,"Veg_Low-A-High-Unconfined",2,0,0.01,400
6936,14221,"Veg_Low-B-Med-Confined",2,0,0.01,300
6936,14222,"Veg_Low-B-Med-Unconfined",2,0,0.01,300
6936,14231,"Veg_Low-B-High-Confined",2,0,0.01,400
6936,14232,"Veg_Low-B-High-Unconfined",2,0,0.01,400
6936,14321,"Veg_Low-C-Med-Confined",2,1.205387,0.14,300
6936,14322,"Veg_Low-C-Med-Unconfined",2,0.216574,0.12,300
6936,14331,"Veg_Low-C-High-Confined",2,25.919159,0.35,400
6936,14332,"Veg_Low-C-High-Unconfined",2,0,0.01,400
6936,14421,"Veg_Low-D-Med-Confined",2,20.603387,0.14,300
6936,14422,"Veg_Low-D-Med-Unconfined",2,14.182456,0.09,300
6936,14431,"Veg_Low-D-High-Confined",2,6.038872,0.37,400
6936,14432,"Veg_Low-D-High-Unconfined",2,0,0.01,400
6936,15121,"Veg_High-A-Med-Confined",2,0.303521,0.02,300
6936,15122,"Veg_High-A-Med-Unconfined",2,8.337146,0.02,300
6936,15131,"Veg_High-A-High-Confined",2,0,0.01,400
6936,15132,"Veg_High-A-High-Unconfined",2,0,0.01,400
6936,15221,"Veg_High-B-Med-Confined",2,0,0.01,300
6936,15222,"Veg_High-B-Med-Unconfined",2,0,0.01,300
6936,15231,"Veg_High-B-High-Confined",2,0,0.01,400
6936,15232,"Veg_High-B-High-Unconfined",2,0,0.01,400
6936,15321,"Veg_High-C-Med-Confined",2,0,0.01,300
6936,15322,"Veg_High-C-Med-Unconfined",2,0.105634,0.07,300
6936,15331,"Veg_High-C-High-Confined",2,35.056269,0.43,400
6936,15332,"Veg_High-C-High-Unconfined",2,0,0.01,400
6936,15421,"Veg_High-D-Med-Confined",2,3.3973,0.15,300
6936,15422,"Veg_High-D-Med-Unconfined",2,7.535553,0.1,300
6936,15431,"Veg_High-D-High-Confined",2,21.652925,0.41,400
6936,15432,"Veg_High-D-High-Unconfined",2,0,0.01,400
6936,16000,"Water-All-All-All",1,0,0.01,100
6937,1000,"Road_Freeway-All-All-All",1,0.077429,0.03,100
6937,2000,"Road_Primary-All-All-All",1,20.370637,0.01,100
6937,3000,"Road_Minor-All-All-All",1,27.528826,0.01,100
6937,4000,"Dev_ResHigh-All-All-All",1,5.323824,0.01,100
6937,5000,"Dev_ResLow-All-All-All",1,147.883066,0.03,100
6937,6000,"Dev_Com-All-All-All",1,22.049097,0.01,100
6937,7000,"Dev_Ind-All-All-All",1,0.628033,0.01,100
6937,8000,"Dev_Inst-All-All-All",1,30.411728,0.01,100
6937,9000,"Dev_Roof-All-All-All",1,72.999683,0.01,100
6937,10000,"Dev_Overspray-All-All-All",1,4.497286,0.02,100
6937,11111,"Dev_Irrigated-A-Low-Confined",2,0,0.01,400
6937,11112,"Dev_Irrigated-A-Low-Unconfined",2,55.434621,0.03,400
6937,11121,"Dev_Irrigated-A-Med-Confined",2,0,0.01,300
6937,11122,"Dev_Irrigated-A-Med-Unconfined",2,0,0.01,300
6937,11211,"Dev_Irrigated-B-Low-Confined",2,0,0.01,400
6937,11212,"Dev_Irrigated-B-Low-Unconfined",2,0.184141,0.05,400
6937,11221,"Dev_Irrigated-B-Med-Confined",2,0,0.01,300
6937,11222,"Dev_Irrigated-B-Med-Unconfined",2,0,0.01,300
6937,11311,"Dev_Irrigated-C-Low-Confined",2,0,0.01,400
6937,11312,"Dev_Irrigated-C-Low-Unconfined",2,4.836535,0.06,400
6937,11321,"Dev_Irrigated-C-Med-Confined",2,0,0.01,300
6937,11322,"Dev_Irrigated-C-Med-Unconfined",2,0.087584,0.06,300
6937,11411,"Dev_Irrigated-D-Low-Confined",2,0,0.01,400
6937,11412,"Dev_Irrigated-D-Low-Unconfined",2,28.862043,0.03,400
6937,11421,"Dev_Irrigated-D-Med-Confined",2,0,0.01,300
6937,11422,"Dev_Irrigated-D-Med-Unconfined",2,0.540804,0.02,300
6937,12111,"Dev_Pervious-A-Low-Confined",2,0,0.01,400
6937,12112,"Dev_Pervious-A-Low-Unconfined",2,142.87969,0.02,400
6937,12121,"Dev_Pervious-A-Med-Confined",2,0,0.01,300
6937,12122,"Dev_Pervious-A-Med-Unconfined",2,0,0.01,300
6937,12211,"Dev_Pervious-B-Low-Confined",2,0,0.01,400
6937,12212,"Dev_Pervious-B-Low-Unconfined",2,0.474612,0.05,400
6937,12221,"Dev_Pervious-B-Med-Confined",2,0,0.01,300
6937,12222,"Dev_Pervious-B-Med-Unconfined",2,0,0.01,300
6937,12311,"Dev_Pervious-C-Low-Confined",2,0,0.01,400
6937,12312,"Dev_Pervious-C-Low-Unconfined",2,12.465904,0.06,400
6937,12321,"Dev_Pervious-C-Med-Confined",2,0,0.01,300
6937,12322,"Dev_Pervious-C-Med-Unconfined",2,0.225744,0.06,300
6937,12411,"Dev_Pervious-D-Low-Confined",2,0,0.01,400
6937,12412,"Dev_Pervious-D-Low-Unconfined",2,74.39033,0.03,400
6937,12421,"Dev_Pervious-D-Med-Confined",2,0,0.01,300
6937,12422,"Dev_Pervious-D-Med-Unconfined",2,1.393893,0.02,300
6937,13111,"Agriculture-A-Low-Confined",2,0,0.01,400
6937,13112,"Agriculture-A-Low-Unconfined",2,0,0.01,400
6937,13121,"Agriculture-A-Med-Confined",2,0,0.01,300
6937,13122,"Agriculture-A-Med-Unconfined",2,0,0.01,300
6937,13211,"Agriculture-B-Low-Confined",2,0,0.01,400
6937,13212,"Agriculture-B-Low-Unconfined",2,0,0.01,400
6937,13221,"Agriculture-B-Med-Confined",2,0,0.01,300
6937,13222,"Agriculture-B-Med-Unconfined",2,0,0.01,300
6937,13231,"Agriculture-B-High-Confined",2,0,0.01,400
6937,13232,"Agriculture-B-High-Unconfined",2,0,0.01,400
6937,13311,"Agriculture-C-Low-Confined",2,0,0.01,400
6937,13312,"Agriculture-C-Low-Unconfined",2,0,0.01,400
6937,13321,"Agriculture-C-Med-Confined",2,0,0.01,300
6937,13322,"Agriculture-C-Med-Unconfined",2,0,0.01,300
6937,13331,"Agriculture-C-High-Confined",2,0,0.01,400
6937,13411,"Agriculture-D-Low-Confined",2,0,0.01,400
6937,13412,"Agriculture-D-Low-Unconfined",2,0,0.01,400
6937,13421,"Agriculture-D-Med-Confined",2,0,0.01,300
6937,13422,"Agriculture-D-Med-Unconfined",2,0,0.01,300
6937,13431,"Agriculture-D-High-Confined",2,0,0.01,400
6937,13432,"Agriculture-D-High-Unconfined",2,0,0.01,400
6937,14121,"Veg_Low-A-Med-Confined",2,0,0.01,300
6937,14122,"Veg_Low-A-Med-Unconfined",2,53.339179,0.02,300
6937,14131,"Veg_Low-A-High-Confined",2,0,0.01,400
6937,14132,"Veg_Low-A-High-Unconfined",2,0,0.01,400
6937,14221,"Veg_Low-B-Med-Confined",2,0,0.01,300
6937,14222,"Veg_Low-B-Med-Unconfined",2,0.168742,0.02,300
6937,14231,"Veg_Low-B-High-Confined",2,0,0.01,400
6937,14232,"Veg_Low-B-High-Unconfined",2,0,0.01,400
6937,14321,"Veg_Low-C-Med-Confined",2,0,0.01,300
6937,14322,"Veg_Low-C-Med-Unconfined",2,7.695217,0.1,300
6937,14331,"Veg_Low-C-High-Confined",2,0,0.01,400
6937,14332,"Veg_Low-C-High-Unconfined",2,0,0.01,400
6937,14421,"Veg_Low-D-Med-Confined",2,0,0.01,300
6937,14422,"Veg_Low-D-Med-Unconfined",2,34.067211,0.02,300
6937,14431,"Veg_Low-D-High-Confined",2,0,0.01,400
6937,14432,"Veg_Low-D-High-Unconfined",2,0,0.01,400
6937,15121,"Veg_High-A-Med-Confined",2,0,0.01,300
6937,15122,"Veg_High-A-Med-Unconfined",2,58.19901,0.01,300
6937,15131,"Veg_High-A-High-Confined",2,0,0.01,400
6937,15132,"Veg_High-A-High-Unconfined",2,0,0.01,400
6937,15221,"Veg_High-B-Med-Confined",2,0,0.01,300
6937,15222,"Veg_High-B-Med-Unconfined",2,0.402623,0.02,300
6937,15231,"Veg_High-B-High-Confined",2,0,0.01,400
6937,15232,"Veg_High-B-High-Unconfined",2,0,0.01,400
6937,15321,"Veg_High-C-Med-Confined",2,0,0.01,300
6937,15322,"Veg_High-C-Med-Unconfined",2,5.695154,0.09,300
6937,15331,"Veg_High-C-High-Confined",2,0,0.01,400
6937,15332,"Veg_High-C-High-Unconfined",2,0,0.01,400
6937,15421,"Veg_High-D-Med-Confined",2,0,0.01,300
6937,15422,"Veg_High-D-Med-Unconfined",2,37.551147,0.02,300
6937,15431,"Veg_High-D-High-Confined",2,0,0.01,400
6937,15432,"Veg_High-D-High-Unconfined",2,0,0.01,400
6937,16000,"Water-All-All-All",1,0,0.01,100
6938,1000,"Road_Freeway-All-All-All",1,1.82435,0.09,100
6938,2000,"Road_Primary-All-All-All",1,2.514972,0.07,100
6938,3000,"Road_Minor-All-All-All",1,9.303879,0.07,100
6938,4000,"Dev_ResHigh-All-All-All",1,0.047336,0.03,100
6938,5000,"Dev_ResLow-All-All-All",1,59.550482,0.18,100
6938,6000,"Dev_Com-All-All-All",1,0.026571,0.02,100
6938,7000,"Dev_Ind-All-All-All",1,0,0.01,100
6938,8000,"Dev_Inst-All-All-All",1,0.854189,0.11,100
6938,9000,"Dev_Roof-All-All-All",1,9.131229,0.15,100
6938,10000,"Dev_Overspray-All-All-All",1,1.981656,0.17,100
6938,11111,"Dev_Irrigated-A-Low-Confined",2,0.020655,0.08,400
6938,11112,"Dev_Irrigated-A-Low-Unconfined",2,0.009352,0.1,400
6938,11121,"Dev_Irrigated-A-Med-Confined",2,0.244328,0.06,300
6938,11122,"Dev_Irrigated-A-Med-Unconfined",2,0,0.07,300
6938,11211,"Dev_Irrigated-B-Low-Confined",2,0,0.08,400
6938,11212,"Dev_Irrigated-B-Low-Unconfined",2,0.227829,0.06,400
6938,11221,"Dev_Irrigated-B-Med-Confined",2,0.007549,0.09,300
6938,11222,"Dev_Irrigated-B-Med-Unconfined",2,0,0.05,300
6938,11311,"Dev_Irrigated-C-Low-Confined",2,0.002001,0.11,400
6938,11312,"Dev_Irrigated-C-Low-Unconfined",2,0.005526,0.04,400
6938,11321,"Dev_Irrigated-C-Med-Confined",2,15.951504,0.26,300
6938,11322,"Dev_Irrigated-C-Med-Unconfined",2,0.079812,0.26,300
6938,11411,"Dev_Irrigated-D-Low-Confined",2,0.894209,0.11,400
6938,11412,"Dev_Irrigated-D-Low-Unconfined",2,0.242194,0.05,400
6938,11421,"Dev_Irrigated-D-Med-Confined",2,21.948162,0.2,300
6938,11422,"Dev_Irrigated-D-Med-Unconfined",2,0,0.03,300
6938,12111,"Dev_Pervious-A-Low-Confined",2,0.053237,0.08,400
6938,12112,"Dev_Pervious-A-Low-Unconfined",2,0.024104,0.08,400
6938,12121,"Dev_Pervious-A-Med-Confined",2,0.629741,0.05,300
6938,12122,"Dev_Pervious-A-Med-Unconfined",2,0,0.01,300
6938,12211,"Dev_Pervious-B-Low-Confined",2,0,0.01,400
6938,12212,"Dev_Pervious-B-Low-Unconfined",2,0.587217,0.06,400
6938,12221,"Dev_Pervious-B-Med-Confined",2,0.019456,0.09,300
6938,12222,"Dev_Pervious-B-Med-Unconfined",2,0,0.01,300
6938,12311,"Dev_Pervious-C-Low-Confined",2,0.005156,0.11,400
6938,12312,"Dev_Pervious-C-Low-Unconfined",2,0.014243,0.04,400
6938,12321,"Dev_Pervious-C-Med-Confined",2,41.114127,0.28,300
6938,12322,"Dev_Pervious-C-Med-Unconfined",2,0.205712,0.09,300
6938,12411,"Dev_Pervious-D-Low-Confined",2,2.304775,0.12,400
6938,12412,"Dev_Pervious-D-Low-Unconfined",2,0.624241,0.05,400
6938,12421,"Dev_Pervious-D-Med-Confined",2,56.570183,0.2,300
6938,12422,"Dev_Pervious-D-Med-Unconfined",2,0,0.01,300
6938,13111,"Agriculture-A-Low-Confined",2,0,0.01,400
6938,13112,"Agriculture-A-Low-Unconfined",2,0,0.01,400
6938,13121,"Agriculture-A-Med-Confined",2,0,0.01,300
6938,13122,"Agriculture-A-Med-Unconfined",2,0,0.01,300
6938,13211,"Agriculture-B-Low-Confined",2,0,0.01,400
6938,13212,"Agriculture-B-Low-Unconfined",2,0,0.01,400
6938,13221,"Agriculture-B-Med-Confined",2,0,0.01,300
6938,13222,"Agriculture-B-Med-Unconfined",2,0,0.01,300
6938,13231,"Agriculture-B-High-Confined",2,0,0.01,400
6938,13232,"Agriculture-B-High-Unconfined",2,0,0.01,400
6938,13311,"Agriculture-C-Low-Confined",2,0,0.01,400
6938,13312,"Agriculture-C-Low-Unconfined",2,0,0.01,400
6938,13321,"Agriculture-C-Med-Confined",2,0,0.01,300
6938,13322,"Agriculture-C-Med-Unconfined",2,0,0.01,300
6938,13331,"Agriculture-C-High-Confined",2,0,0.01,400
6938,13411,"Agriculture-D-Low-Confined",2,0,0.01,400
6938,13412,"Agriculture-D-Low-Unconfined",2,0,0.01,400
6938,13421,"Agriculture-D-Med-Confined",2,0,0.01,300
6938,13422,"Agriculture-D-Med-Unconfined",2,0,0.01,300
6938,13431,"Agriculture-D-High-Confined",2,0,0.01,400
6938,13432,"Agriculture-D-High-Unconfined",2,0,0.01,400
6938,14121,"Veg_Low-A-Med-Confined",2,1.017155,0.1,300
6938,14122,"Veg_Low-A-Med-Unconfined",2,1.242956,0.08,300
6938,14131,"Veg_Low-A-High-Confined",2,0,0.01,400
6938,14132,"Veg_Low-A-High-Unconfined",2,0,0.01,400
6938,14221,"Veg_Low-B-Med-Confined",2,0.219046,0.12,300
6938,14222,"Veg_Low-B-Med-Unconfined",2,0.759337,0.08,300
6938,14231,"Veg_Low-B-High-Confined",2,0,0.01,400
6938,14232,"Veg_Low-B-High-Unconfined",2,0,0.01,400
6938,14321,"Veg_Low-C-Med-Confined",2,16.159431,0.1,300
6938,14322,"Veg_Low-C-Med-Unconfined",2,5.792666,0.11,300
6938,14331,"Veg_Low-C-High-Confined",2,71.997967,0.32,400
6938,14332,"Veg_Low-C-High-Unconfined",2,0,0.01,400
6938,14421,"Veg_Low-D-Med-Confined",2,47.461684,0.12,300
6938,14422,"Veg_Low-D-Med-Unconfined",2,0.976718,0.06,300
6938,14431,"Veg_Low-D-High-Confined",2,0,0.01,400
6938,14432,"Veg_Low-D-High-Unconfined",2,0,0.01,400
6938,15121,"Veg_High-A-Med-Confined",2,0.370499,0.1,300
6938,15122,"Veg_High-A-Med-Unconfined",2,0.419151,0.14,300
6938,15131,"Veg_High-A-High-Confined",2,0,0.01,400
6938,15132,"Veg_High-A-High-Unconfined",2,0,0.01,400
6938,15221,"Veg_High-B-Med-Confined",2,0.09815,0.09,300
6938,15222,"Veg_High-B-Med-Unconfined",2,0.509689,0.03,300
6938,15231,"Veg_High-B-High-Confined",2,0,0.01,400
6938,15232,"Veg_High-B-High-Unconfined",2,0,0.01,400
6938,15321,"Veg_High-C-Med-Confined",2,66.702529,0.12,300
6938,15322,"Veg_High-C-Med-Unconfined",2,0.943106,0.12,300
6938,15331,"Veg_High-C-High-Confined",2,7.74068,0.3,400
6938,15332,"Veg_High-C-High-Unconfined",2,0.254875,0.3,400
6938,15421,"Veg_High-D-Med-Confined",2,40.974063,0.18,300
6938,15422,"Veg_High-D-Med-Unconfined",2,0.966293,0.06,300
6938,15431,"Veg_High-D-High-Confined",2,1.160485,0.22,400
6938,15432,"Veg_High-D-High-Unconfined",2,0,0.01,400
6938,16000,"Water-All-All-All",1,0,0.01,100
6939,1000,"Road_Freeway-All-All-All",1,0,0.01,100
6939,2000,"Road_Primary-All-All-All",1,0,0.01,100
6939,3000,"Road_Minor-All-All-All",1,0.066457,0.13,100
6939,4000,"Dev_ResHigh-All-All-All",1,0,0.01,100
6939,5000,"Dev_ResLow-All-All-All",1,11.328015,0.14,100
6939,6000,"Dev_Com-All-All-All",1,0.020623,0.07,100
6939,7000,"Dev_Ind-All-All-All",1,0.683977,0.1,100
6939,8000,"Dev_Inst-All-All-All",1,0.001036,0.09,100
6939,9000,"Dev_Roof-All-All-All",1,0.094173,0.09,100
6939,10000,"Dev_Overspray-All-All-All",1,0.897471,0.16,100
6939,11111,"Dev_Irrigated-A-Low-Confined",2,0,0.01,400
6939,11112,"Dev_Irrigated-A-Low-Unconfined",2,0,0.01,400
6939,11121,"Dev_Irrigated-A-Med-Confined",2,0,0.01,300
6939,11122,"Dev_Irrigated-A-Med-Unconfined",2,0,0.01,300
6939,11211,"Dev_Irrigated-B-Low-Confined",2,0,0.01,400
6939,11212,"Dev_Irrigated-B-Low-Unconfined",2,0,0.01,400
6939,11221,"Dev_Irrigated-B-Med-Confined",2,0,0.01,300
6939,11222,"Dev_Irrigated-B-Med-Unconfined",2,0,0.01,300
6939,11311,"Dev_Irrigated-C-Low-Confined",2,0,0.2,400
6939,11312,"Dev_Irrigated-C-Low-Unconfined",2,0,0.01,400
6939,11321,"Dev_Irrigated-C-Med-Confined",2,12.926481,0.35,300
6939,11322,"Dev_Irrigated-C-Med-Unconfined",2,0,0.01,300
6939,11411,"Dev_Irrigated-D-Low-Confined",2,0,0.01,400
6939,11412,"Dev_Irrigated-D-Low-Unconfined",2,0,0.01,400
6939,11421,"Dev_Irrigated-D-Med-Confined",2,5.022945,0.38,300
6939,11422,"Dev_Irrigated-D-Med-Unconfined",2,0,0.01,300
6939,12111,"Dev_Pervious-A-Low-Confined",2,0,0.01,400
6939,12112,"Dev_Pervious-A-Low-Unconfined",2,0,0.01,400
6939,12121,"Dev_Pervious-A-Med-Confined",2,0,0.01,300
6939,12122,"Dev_Pervious-A-Med-Unconfined",2,0,0.01,300
6939,12211,"Dev_Pervious-B-Low-Confined",2,0,0.01,400
6939,12212,"Dev_Pervious-B-Low-Unconfined",2,0,0.01,400
6939,12221,"Dev_Pervious-B-Med-Confined",2,0,0.01,300
6939,12222,"Dev_Pervious-B-Med-Unconfined",2,0,0.01,300
6939,12311,"Dev_Pervious-C-Low-Confined",2,0,0.01,400
6939,12312,"Dev_Pervious-C-Low-Unconfined",2,0,0.01,400
6939,12321,"Dev_Pervious-C-Med-Confined",2,33.317296,0.34,300
6939,12322,"Dev_Pervious-C-Med-Unconfined",2,0,0.01,300
6939,12411,"Dev_Pervious-D-Low-Confined",2,0,0.01,400
6939,12412,"Dev_Pervious-D-Low-Unconfined",2,0,0.01,400
6939,12421,"Dev_Pervious-D-Med-Confined",2,12.946365,0.29,300
6939,12422,"Dev_Pervious-D-Med-Unconfined",2,0,0.01,300
6939,13111,"Agriculture-A-Low-Confined",2,0,0.01,400
6939,13112,"Agriculture-A-Low-Unconfined",2,0,0.01,400
6939,13121,"Agriculture-A-Med-Confined",2,0,0.01,300
6939,13122,"Agriculture-A-Med-Unconfined",2,0,0.01,300
6939,13211,"Agriculture-B-Low-Confined",2,0,0.01,400
6939,13212,"Agriculture-B-Low-Unconfined",2,0,0.01,400
6939,13221,"Agriculture-B-Med-Confined",2,0,0.01,300
6939,13222,"Agriculture-B-Med-Unconfined",2,0,0.01,300
6939,13231,"Agriculture-B-High-Confined",2,0,0.01,400
6939,13232,"Agriculture-B-High-Unconfined",2,0,0.01,400
6939,13311,"Agriculture-C-Low-Confined",2,0,0.01,400
6939,13312,"Agriculture-C-Low-Unconfined",2,0,0.01,400
6939,13321,"Agriculture-C-Med-Confined",2,0,0.01,300
6939,13322,"Agriculture-C-Med-Unconfined",2,0,0.01,300
6939,13331,"Agriculture-C-High-Confined",2,0,0.01,400
6939,13411,"Agriculture-D-Low-Confined",2,0,0.01,400
6939,13412,"Agriculture-D-Low-Unconfined",2,0,0.01,400
6939,13421,"Agriculture-D-Med-Confined",2,0,0.01,300
6939,13422,"Agriculture-D-Med-Unconfined",2,0,0.01,300
6939,13431,"Agriculture-D-High-Confined",2,0,0.01,400
6939,13432,"Agriculture-D-High-Unconfined",2,0,0.01,400
6939,14121,"Veg_Low-A-Med-Confined",2,0,0.01,300
6939,14122,"Veg_Low-A-Med-Unconfined",2,0,0.01,300
6939,14131,"Veg_Low-A-High-Confined",2,0,0.01,400
6939,14132,"Veg_Low-A-High-Unconfined",2,0,0.01,400
6939,14221,"Veg_Low-B-Med-Confined",2,0,0.01,300
6939,14222,"Veg_Low-B-Med-Unconfined",2,0,0.01,300
6939,14231,"Veg_Low-B-High-Confined",2,0,0.01,400
6939,14232,"Veg_Low-B-High-Unconfined",2,0,0.01,400
6939,14321,"Veg_Low-C-Med-Confined",2,1.04432,0.24,300
6939,14322,"Veg_Low-C-Med-Unconfined",2,0,0.01,300
6939,14331,"Veg_Low-C-High-Confined",2,211.822243,0.39,400
6939,14332,"Veg_Low-C-High-Unconfined",2,0,0.01,400
6939,14421,"Veg_Low-D-Med-Confined",2,1.472336,0.19,300
6939,14422,"Veg_Low-D-Med-Unconfined",2,0,0.01,300
6939,14431,"Veg_Low-D-High-Confined",2,242.962809,0.46,400
6939,14432,"Veg_Low-D-High-Unconfined",2,0,0.01,400
6939,15121,"Veg_High-A-Med-Confined",2,0,0.01,300
6939,15122,"Veg_High-A-Med-Unconfined",2,0,0.01,300
6939,15131,"Veg_High-A-High-Confined",2,0,0.01,400
6939,15132,"Veg_High-A-High-Unconfined",2,0,0.01,400
6939,15221,"Veg_High-B-Med-Confined",2,0,0.01,300
6939,15222,"Veg_High-B-Med-Unconfined",2,0,0.01,300
6939,15231,"Veg_High-B-High-Confined",2,0,0.01,400
6939,15232,"Veg_High-B-High-Unconfined",2,0,0.01,400
6939,15321,"Veg_High-C-Med-Confined",2,0.569971,0.2,300
6939,15322,"Veg_High-C-Med-Unconfined",2,0,0.01,300
6939,15331,"Veg_High-C-High-Confined",2,187.862659,0.43,400
6939,15332,"Veg_High-C-High-Unconfined",2,0,0.01,400
6939,15421,"Veg_High-D-Med-Confined",2,0.097671,0.25,300
6939,15422,"Veg_High-D-Med-Unconfined",2,0,0.01,300
6939,15431,"Veg_High-D-High-Confined",2,197.934891,0.5,400
6939,15432,"Veg_High-D-High-Unconfined",2,0,0.01,400
6939,16000,"Water-All-All-All",1,0,0.01,100
6940,1000,"Road_Freeway-All-All-All",1,0,0.01,100
6940,2000,"Road_Primary-All-All-All",1,0,0.01,100
6940,3000,"Road_Minor-All-All-All",1,0.137428,0.1,100
6940,4000,"Dev_ResHigh-All-All-All",1,0,0.01,100
6940,5000,"Dev_ResLow-All-All-All",1,2.571814,0.13,100
6940,6000,"Dev_Com-All-All-All",1,0.011612,0.04,100
6940,7000,"Dev_Ind-All-All-All",1,0,0.01,100
6940,8000,"Dev_Inst-All-All-All",1,0,0.01,100
6940,9000,"Dev_Roof-All-All-All",1,0.007022,0.07,100
6940,10000,"Dev_Overspray-All-All-All",1,0.153425,0.13,100
6940,11111,"Dev_Irrigated-A-Low-Confined",2,0,0.01,400
6940,11112,"Dev_Irrigated-A-Low-Unconfined",2,0,0.01,400
6940,11121,"Dev_Irrigated-A-Med-Confined",2,0,0.01,300
6940,11122,"Dev_Irrigated-A-Med-Unconfined",2,0,0.01,300
6940,11211,"Dev_Irrigated-B-Low-Confined",2,0,0.01,400
6940,11212,"Dev_Irrigated-B-Low-Unconfined",2,0,0.01,400
6940,11221,"Dev_Irrigated-B-Med-Confined",2,0,0.01,300
6940,11222,"Dev_Irrigated-B-Med-Unconfined",2,0,0.01,300
6940,11311,"Dev_Irrigated-C-Low-Confined",2,0.012704,0.07,400
6940,11312,"Dev_Irrigated-C-Low-Unconfined",2,0,0.01,400
6940,11321,"Dev_Irrigated-C-Med-Confined",2,2.678388,0.34,300
6940,11322,"Dev_Irrigated-C-Med-Unconfined",2,0,0.01,300
6940,11411,"Dev_Irrigated-D-Low-Confined",2,0.100254,0.08,400
6940,11412,"Dev_Irrigated-D-Low-Unconfined",2,0,0.01,400
6940,11421,"Dev_Irrigated-D-Med-Confined",2,0.277151,0.38,300
6940,11422,"Dev_Irrigated-D-Med-Unconfined",2,0,0.01,300
6940,12111,"Dev_Pervious-A-Low-Confined",2,0,0.01,400
6940,12112,"Dev_Pervious-A-Low-Unconfined",2,0,0.01,400
6940,12121,"Dev_Pervious-A-Med-Confined",2,0,0.01,300
6940,12122,"Dev_Pervious-A-Med-Unconfined",2,0,0.01,300
6940,12211,"Dev_Pervious-B-Low-Confined",2,0,0.01,400
6940,12212,"Dev_Pervious-B-Low-Unconfined",2,0,0.01,400
6940,12221,"Dev_Pervious-B-Med-Confined",2,0,0.01,300
6940,12222,"Dev_Pervious-B-Med-Unconfined",2,0,0.01,300
6940,12311,"Dev_Pervious-C-Low-Confined",2,0.032745,0.07,400
6940,12312,"Dev_Pervious-C-Low-Unconfined",2,0,0.01,400
6940,12321,"Dev_Pervious-C-Med-Confined",2,6.903399,0.31,300
6940,12322,"Dev_Pervious-C-Med-Unconfined",2,0,0.01,300
6940,12411,"Dev_Pervious-D-Low-Confined",2,0.258398,0.08,400
6940,12412,"Dev_Pervious-D-Low-Unconfined",2,0,0.01,400
6940,12421,"Dev_Pervious-D-Med-Confined",2,0.714341,0.1,300
6940,12422,"Dev_Pervious-D-Med-Unconfined",2,0,0.01,300
6940,13111,"Agriculture-A-Low-Confined",2,0,0.01,400
6940,13112,"Agriculture-A-Low-Unconfined",2,0,0.01,400
6940,13121,"Agriculture-A-Med-Confined",2,0,0.01,300
6940,13122,"Agriculture-A-Med-Unconfined",2,0,0.01,300
6940,13211,"Agriculture-B-Low-Confined",2,0,0.01,400
6940,13212,"Agriculture-B-Low-Unconfined",2,0,0.01,400
6940,13221,"Agriculture-B-Med-Confined",2,0,0.01,300
6940,13222,"Agriculture-B-Med-Unconfined",2,0,0.01,300
6940,13231,"Agriculture-B-High-Confined",2,0,0.01,400
6940,13232,"Agriculture-B-High-Unconfined",2,0,0.01,400
6940,13311,"Agriculture-C-Low-Confined",2,0,0.01,400
6940,13312,"Agriculture-C-Low-Unconfined",2,0,0.01,400
6940,13321,"Agriculture-C-Med-Confined",2,0,0.01,300
6940,13322,"Agriculture-C-Med-Unconfined",2,0,0.01,300
6940,13331,"Agriculture-C-High-Confined",2,0,0.01,400
6940,13411,"Agriculture-D-Low-Confined",2,0,0.01,400
6940,13412,"Agriculture-D-Low-Unconfined",2,0,0.01,400
6940,13421,"Agriculture-D-Med-Confined",2,0,0.01,300
6940,13422,"Agriculture-D-Med-Unconfined",2,0,0.01,300
6940,13431,"Agriculture-D-High-Confined",2,0,0.01,400
6940,13432,"Agriculture-D-High-Unconfined",2,0,0.01,400
6940,14121,"Veg_Low-A-Med-Confined",2,0,0.01,300
6940,14122,"Veg_Low-A-Med-Unconfined",2,0,0.01,300
6940,14131,"Veg_Low-A-High-Confined",2,0,0.01,400
6940,14132,"Veg_Low-A-High-Unconfined",2,0,0.01,400
6940,14221,"Veg_Low-B-Med-Confined",2,0,0.01,300
6940,14222,"Veg_Low-B-Med-Unconfined",2,0,0.01,300
6940,14231,"Veg_Low-B-High-Confined",2,0,0.01,400
6940,14232,"Veg_Low-B-High-Unconfined",2,0,0.01,400
6940,14321,"Veg_Low-C-Med-Confined",2,0.687162,0.14,300
6940,14322,"Veg_Low-C-Med-Unconfined",2,0,0.01,300
6940,14331,"Veg_Low-C-High-Confined",2,194.086953,0.4,400
6940,14332,"Veg_Low-C-High-Unconfined",2,0,0.01,400
6940,14421,"Veg_Low-D-Med-Confined",2,0.130965,0.14,300
6940,14422,"Veg_Low-D-Med-Unconfined",2,0,0.01,300
6940,14431,"Veg_Low-D-High-Confined",2,77.611279,0.48,400
6940,14432,"Veg_Low-D-High-Unconfined",2,0,0.01,400
6940,15121,"Veg_High-A-Med-Confined",2,0,0.01,300
6940,15122,"Veg_High-A-Med-Unconfined",2,0,0.01,300
6940,15131,"Veg_High-A-High-Confined",2,0,0.01,400
6940,15132,"Veg_High-A-High-Unconfined",2,0,0.01,400
6940,15221,"Veg_High-B-Med-Confined",2,0,0.01,300
6940,15222,"Veg_High-B-Med-Unconfined",2,0,0.01,300
6940,15231,"Veg_High-B-High-Confined",2,0,0.01,400
6940,15232,"Veg_High-B-High-Unconfined",2,0,0.01,400
6940,15321,"Veg_High-C-Med-Confined",2,0.380284,0.22,300
6940,15322,"Veg_High-C-Med-Unconfined",2,0,0.01,300
6940,15331,"Veg_High-C-High-Confined",2,76.010277,0.46,400
6940,15332,"Veg_High-C-High-Unconfined",2,0,0.01,400
6940,15421,"Veg_High-D-Med-Confined",2,0,0.01,300
6940,15422,"Veg_High-D-Med-Unconfined",2,0,0.01,300
6940,15431,"Veg_High-D-High-Confined",2,26.548357,0.55,400
6940,15432,"Veg_High-D-High-Unconfined",2,0,0.01,400
6940,16000,"Water-All-All-All",1,0,0.01,100
