rchid,permit,pipe,parmname,value1
6720,F118,1,PS_FLOW,0.000000000000e+00
6720,F118,1,PS_SAND,0.000000000000e+00
6720,F118,1,PS_SILT,0.000000000000e+00
6720,F118,1,PS_CLAY,0.000000000000e+00
6720,F118,1,PS_GQUAL_TN,0.000000000000e+00
6720,F118,1,PS_GQUAL_TP,0.000000000000e+00
6720,F118,1,PS_GQUAL_TCd,0.000000000000e+00
6720,F118,1,PS_GQUAL_TCu,0.000000000000e+00
6720,F118,1,PS_GQUAL_TPb,0.000000000000e+00
6720,F118,1,PS_GQUAL_TZn,0.000000000000e+00
6602,CA0055531,1,PS_FLOW,0.000000000000e+00
6602,CA0055531,1,PS_SAND,0.000000000000e+00
6602,CA0055531,1,PS_SILT,0.000000000000e+00
6602,CA0055531,1,PS_CLAY,0.000000000000e+00
6602,CA0055531,1,PS_GQUAL_TN,0.000000000000e+00
6602,CA0055531,1,PS_GQUAL_TP,0.000000000000e+00
6602,CA0055531,1,PS_GQUAL_TCd,0.000000000000e+00
6602,CA0055531,1,PS_GQUAL_TCu,0.000000000000e+00
6602,CA0055531,1,PS_GQUAL_TPb,0.000000000000e+00
6602,CA0055531,1,PS_GQUAL_TZn,0.000000000000e+00
6602,WRF-LAB,1,PS_FLOW,1.681142628117e+08
6602,WRF-LAB,1,PS_SAND,0.000000000000e+00
6602,WRF-LAB,1,PS_SILT,0.000000000000e+00
6602,WRF-LAB,1,PS_CLAY,0.000000000000e+00
6602,WRF-LAB,1,PS_GQUAL_TN,6.816428898574e+04
6602,WRF-LAB,1,PS_GQUAL_TP,2.424985645499e+04
6602,WRF-LAB,1,PS_GQUAL_TCd,1.472181233709e+00
6602,WRF-LAB,1,PS_GQUAL_TCu,2.078815360900e+02
6602,WRF-LAB,1,PS_GQUAL_TPb,7.365532560607e+00
6602,WRF-LAB,1,PS_GQUAL_TZn,7.488034654609e+02
6710,intake-9025,1,PS_FLOW,0.000000000000e+00
6710,intake-9025,1,PS_SAND,0.000000000000e+00
6710,intake-9025,1,PS_SILT,0.000000000000e+00
6710,intake-9025,1,PS_CLAY,0.000000000000e+00
6710,intake-9025,1,PS_GQUAL_TN,0.000000000000e+00
6710,intake-9025,1,PS_GQUAL_TP,0.000000000000e+00
6710,intake-9025,1,PS_GQUAL_TCd,0.000000000000e+00
6710,intake-9025,1,PS_GQUAL_TCu,0.000000000000e+00
6710,intake-9025,1,PS_GQUAL_TPb,0.000000000000e+00
6710,intake-9025,1,PS_GQUAL_TZn,0.000000000000e+00
6697,intake-9013,1,PS_FLOW,0.000000000000e+00
6697,intake-9013,1,PS_SAND,0.000000000000e+00
6697,intake-9013,1,PS_SILT,0.000000000000e+00
6697,intake-9013,1,PS_CLAY,0.000000000000e+00
6697,intake-9013,1,PS_GQUAL_TN,0.000000000000e+00
6697,intake-9013,1,PS_GQUAL_TP,0.000000000000e+00
6697,intake-9013,1,PS_GQUAL_TCd,0.000000000000e+00
6697,intake-9013,1,PS_GQUAL_TCu,0.000000000000e+00
6697,intake-9013,1,PS_GQUAL_TPb,0.000000000000e+00
6697,intake-9013,1,PS_GQUAL_TZn,0.000000000000e+00
6429,F277,1,PS_FLOW,0.000000000000e+00
6429,F277,1,PS_SAND,0.000000000000e+00
6429,F277,1,PS_SILT,0.000000000000e+00
6429,F277,1,PS_CLAY,0.000000000000e+00
6429,F277,1,PS_GQUAL_TN,0.000000000000e+00
6429,F277,1,PS_GQUAL_TP,0.000000000000e+00
6429,F277,1,PS_GQUAL_TCd,0.000000000000e+00
6429,F277,1,PS_GQUAL_TCu,0.000000000000e+00
6429,F277,1,PS_GQUAL_TPb,0.000000000000e+00
6429,F277,1,PS_GQUAL_TZn,0.000000000000e+00
6791,F168,1,PS_FLOW,0.000000000000e+00
6791,F168,1,PS_SAND,0.000000000000e+00
6791,F168,1,PS_SILT,0.000000000000e+00
6791,F168,1,PS_CLAY,0.000000000000e+00
6791,F168,1,PS_GQUAL_TN,0.000000000000e+00
6791,F168,1,PS_GQUAL_TP,0.000000000000e+00
6791,F168,1,PS_GQUAL_TCd,0.000000000000e+00
6791,F168,1,PS_GQUAL_TCu,0.000000000000e+00
6791,F168,1,PS_GQUAL_TPb,0.000000000000e+00
6791,F168,1,PS_GQUAL_TZn,0.000000000000e+00
6870,WRF-DCT,1,PS_FLOW,8.636768215130e+08
6870,WRF-DCT,1,PS_SAND,0.000000000000e+00
6870,WRF-DCT,1,PS_SILT,0.000000000000e+00
6870,WRF-DCT,1,PS_CLAY,0.000000000000e+00
6870,WRF-DCT,1,PS_GQUAL_TN,1.095241037295e+06
6870,WRF-DCT,1,PS_GQUAL_TP,1.257949308475e+04
6870,WRF-DCT,1,PS_GQUAL_TCd,2.874769448874e+01
6870,WRF-DCT,1,PS_GQUAL_TCu,1.317125808644e+03
6870,WRF-DCT,1,PS_GQUAL_TPb,1.875317694720e+02
6870,WRF-DCT,1,PS_GQUAL_TZn,2.839964622843e+03
6726,intake-9026,1,PS_FLOW,0.000000000000e+00
6726,intake-9026,1,PS_SAND,0.000000000000e+00
6726,intake-9026,1,PS_SILT,0.000000000000e+00
6726,intake-9026,1,PS_CLAY,0.000000000000e+00
6726,intake-9026,1,PS_GQUAL_TN,0.000000000000e+00
6726,intake-9026,1,PS_GQUAL_TP,0.000000000000e+00
6726,intake-9026,1,PS_GQUAL_TCd,0.000000000000e+00
6726,intake-9026,1,PS_GQUAL_TCu,0.000000000000e+00
6726,intake-9026,1,PS_GQUAL_TPb,0.000000000000e+00
6726,intake-9026,1,PS_GQUAL_TZn,0.000000000000e+00
6681,intake-9024,1,PS_FLOW,0.000000000000e+00
6681,intake-9024,1,PS_SAND,0.000000000000e+00
6681,intake-9024,1,PS_SILT,0.000000000000e+00
6681,intake-9024,1,PS_CLAY,0.000000000000e+00
6681,intake-9024,1,PS_GQUAL_TN,0.000000000000e+00
6681,intake-9024,1,PS_GQUAL_TP,0.000000000000e+00
6681,intake-9024,1,PS_GQUAL_TCd,0.000000000000e+00
6681,intake-9024,1,PS_GQUAL_TCu,0.000000000000e+00
6681,intake-9024,1,PS_GQUAL_TPb,0.000000000000e+00
6681,intake-9024,1,PS_GQUAL_TZn,0.000000000000e+00
6509,WRF-LAG,1,PS_FLOW,3.628137160171e+08
6509,WRF-LAG,1,PS_SAND,0.000000000000e+00
6509,WRF-LAG,1,PS_SILT,0.000000000000e+00
6509,WRF-LAG,1,PS_CLAY,0.000000000000e+00
6509,WRF-LAG,1,PS_GQUAL_TN,3.327263787849e+05
6509,WRF-LAG,1,PS_GQUAL_TP,3.578677185024e+04
6509,WRF-LAG,1,PS_GQUAL_TCd,1.811988448114e+00
6509,WRF-LAG,1,PS_GQUAL_TCu,2.978456011587e+02
6509,WRF-LAG,1,PS_GQUAL_TPb,6.794956680426e+01
6509,WRF-LAG,1,PS_GQUAL_TZn,1.164202577913e+03
